,image_a,image_b
0,5452,11467
1,224,6239
2,2264,8279
3,3218,9233
4,4495,10510
5,5432,11447
6,3597,9612
7,3149,9164
8,844,6859
9,5564,11579
10,1366,7381
11,3778,9793
12,533,6548
13,1138,7153
14,2937,8952
15,5864,11879
16,5965,11980
17,2240,8255
18,1388,7403
19,5663,11678
20,3022,9037
21,4054,10069
22,1125,7140
23,2155,8170
24,2400,8415
25,5682,11697
26,451,6466
27,2101,8116
28,959,6974
29,4338,10353
30,1081,7096
31,1215,7230
32,3262,9277
33,2778,8793
34,2768,8783
35,3012,9027
36,3884,9899
37,1788,7803
38,1944,7959
39,2483,8498
40,5687,11702
41,354,6369
42,1588,7603
43,4567,10582
44,3577,9592
45,4970,10985
46,4743,10758
47,4116,10131
48,401,6416
49,4371,10386
50,5893,11908
51,4302,10317
52,92,6107
53,3541,9556
54,284,6299
55,2811,8826
56,2281,8296
57,3216,9231
58,2694,8709
59,686,6701
60,416,6431
61,2253,8268
62,1924,7939
63,4107,10122
64,2459,8474
65,5946,11961
66,335,6350
67,1572,7587
68,939,6954
69,4423,10438
70,1677,7692
71,2620,8635
72,5613,11628
73,5815,11830
74,4571,10586
75,5658,11673
76,1956,7971
77,2722,8737
78,2511,8526
79,450,6465
80,5496,11511
81,691,6706
82,2106,8121
83,952,6967
84,3287,9302
85,1689,7704
86,55,6070
87,4621,10636
88,3817,9832
89,2871,8886
90,1264,7279
91,5447,11462
92,3800,9815
93,4121,10136
94,2845,8860
95,1323,7338
96,2591,8606
97,864,6879
98,5706,11721
99,3232,9247
100,3450,9465
101,3599,9614
102,2782,8797
103,3840,9855
104,1067,7082
105,2925,8940
106,2601,8616
107,1230,7245
108,3185,9200
109,3442,9457
110,717,6732
111,993,7008
112,3083,9098
113,4653,10668
114,4498,10513
115,4768,10783
116,3949,9964
117,2718,8733
118,4984,10999
119,4906,10921
120,2194,8209
121,621,6636
122,4523,10538
123,4251,10266
124,979,6994
125,5355,11370
126,1340,7355
127,965,6980
128,5705,11720
129,2530,8545
130,186,6201
131,5411,11426
132,4321,10336
133,2294,8309
134,550,6565
135,5853,11868
136,2967,8982
137,5881,11896
138,821,6836
139,5712,11727
140,2503,8518
141,2208,8223
142,1473,7488
143,3031,9046
144,3014,9029
145,3051,9066
146,1619,7634
147,5763,11778
148,5611,11626
149,5122,11137
150,1979,7994
151,3642,9657
152,1454,7469
153,490,6505
154,3030,9045
155,988,7003
156,1909,7924
157,1840,7855
158,5527,11542
159,1908,7923
160,1417,7432
161,2965,8980
162,3957,9972
163,3515,9530
164,4009,10024
165,869,6884
166,1716,7731
167,1286,7301
168,1509,7524
169,2507,8522
170,1104,7119
171,5048,11063
172,4913,10928
173,2807,8822
174,4014,10029
175,4638,10653
176,1907,7922
177,1592,7607
178,4501,10516
179,3150,9165
180,4528,10543
181,2788,8803
182,1459,7474
183,974,6989
184,4506,10521
185,2427,8442
186,2806,8821
187,2424,8439
188,5521,11536
189,1864,7879
190,1389,7404
191,5556,11571
192,1463,7478
193,1781,7796
194,964,6979
195,4205,10220
196,5006,11021
197,5926,11941
198,2646,8661
199,4431,10446
200,4929,10944
201,2497,8512
202,4977,10992
203,4233,10248
204,4935,10950
205,3259,9274
206,1243,7258
207,3953,9968
208,3434,9449
209,3999,10014
210,1169,7184
211,333,6348
212,552,6567
213,5245,11260
214,576,6591
215,2585,8600
216,5505,11520
217,3233,9248
218,4373,10388
219,4168,10183
220,5534,11549
221,5978,11993
222,2068,8083
223,1669,7684
224,637,6652
225,5348,11363
226,2520,8535
227,1971,7986
228,2974,8989
229,3052,9067
230,5025,11040
231,610,6625
232,3305,9320
233,3453,9468
234,5632,11647
235,5970,11985
236,4328,10343
237,1895,7910
238,4097,10112
239,1397,7412
240,1472,7487
241,2951,8966
242,5848,11863
243,4886,10901
244,4020,10035
245,3159,9174
246,973,6988
247,766,6781
248,591,6606
249,160,6175
250,3542,9557
251,257,6272
252,2261,8276
253,2618,8633
254,1928,7943
255,5680,11695
256,1873,7888
257,1505,7520
258,4427,10442
259,1723,7738
260,4764,10779
261,4719,10734
262,2665,8680
263,3384,9399
264,3678,9693
265,4973,10988
266,5910,11925
267,1457,7472
268,3766,9781
269,5747,11762
270,3926,9941
271,1087,7102
272,2098,8113
273,4527,10542
274,290,6305
275,104,6119
276,4053,10068
277,1066,7081
278,1838,7853
279,1353,7368
280,1872,7887
281,4019,10034
282,3348,9363
283,4794,10809
284,3447,9462
285,5858,11873
286,4897,10912
287,5799,11814
288,5979,11994
289,4368,10383
290,5284,11299
291,1586,7601
292,2723,8738
293,1207,7222
294,2875,8890
295,5865,11880
296,5034,11049
297,1556,7571
298,2414,8429
299,4372,10387
300,5733,11748
301,816,6831
302,4079,10094
303,4504,10519
304,5016,11031
305,4922,10937
306,4334,10349
307,2536,8551
308,381,6396
309,114,6129
310,2758,8773
311,2301,8316
312,1975,7990
313,3908,9923
314,549,6564
315,1163,7178
316,2592,8607
317,4680,10695
318,2955,8970
319,4485,10500
320,3409,9424
321,2378,8393
322,5167,11182
323,1557,7572
324,3887,9902
325,1545,7560
326,3873,9888
327,2390,8405
328,235,6250
329,4940,10955
330,2144,8159
331,2605,8620
332,5378,11393
333,115,6130
334,672,6687
335,2589,8604
336,5846,11861
337,617,6632
338,5791,11806
339,5457,11472
340,5638,11653
341,3043,9058
342,2651,8666
343,1202,7217
344,4083,10098
345,4000,10015
346,1948,7963
347,4477,10492
348,4618,10633
349,5606,11621
350,5537,11552
351,3735,9750
352,5741,11756
353,366,6381
354,5794,11809
355,5033,11048
356,800,6815
357,2213,8228
358,3986,10001
359,67,6082
360,1237,7252
361,3791,9806
362,2228,8243
363,3844,9859
364,4143,10158
365,3315,9330
366,3367,9382
367,4142,10157
368,3894,9909
369,2573,8588
370,4861,10876
371,1584,7599
372,2800,8815
373,3104,9119
374,433,6448
375,5085,11100
376,4404,10419
377,809,6824
378,1030,7045
379,3153,9168
380,5490,11505
381,1642,7657
382,2633,8648
383,5885,11900
384,4805,10820
385,4648,10663
386,2002,8017
387,4412,10427
388,2482,8497
389,5563,11578
390,2268,8283
391,1256,7271
392,1079,7094
393,5738,11753
394,2640,8655
395,417,6432
396,3373,9388
397,3097,9112
398,4303,10318
399,3067,9082
400,899,6914
401,3326,9341
402,5239,11254
403,1062,7077
404,5850,11865
405,1771,7786
406,1350,7365
407,2270,8285
408,2983,8998
409,3308,9323
410,2878,8893
411,496,6511
412,1559,7574
413,1578,7593
414,5441,11456
415,408,6423
416,3078,9093
417,2267,8282
418,4238,10253
419,2114,8129
420,3790,9805
421,3390,9405
422,1764,7779
423,3730,9745
424,3128,9143
425,1371,7386
426,3290,9305
427,5054,11069
428,2502,8517
429,1808,7823
430,65,6080
431,3,6018
432,4640,10655
433,5366,11381
434,463,6478
435,4353,10368
436,4834,10849
437,278,6293
438,4852,10867
439,4916,10931
440,1251,7266
441,1707,7722
442,2332,8347
443,3318,9333
444,1123,7138
445,4647,10662
446,5183,11198
447,180,6195
448,3768,9783
449,3605,9620
450,659,6674
451,4908,10923
452,334,6349
453,146,6161
454,382,6397
455,903,6918
456,4355,10370
457,1177,7192
458,2198,8213
459,4096,10111
460,2150,8165
461,2086,8101
462,5429,11444
463,1355,7370
464,2501,8516
465,3231,9246
466,5691,11706
467,3209,9224
468,1631,7646
469,3120,9135
470,4565,10580
471,3579,9594
472,4289,10304
473,140,6155
474,4136,10151
475,3540,9555
476,1341,7356
477,1483,7498
478,5344,11359
479,2496,8511
480,4375,10390
481,4049,10064
482,3302,9317
483,859,6874
484,1851,7866
485,4391,10406
486,5739,11754
487,5176,11191
488,4290,10305
489,2245,8260
490,4919,10934
491,3741,9756
492,1862,7877
493,3745,9760
494,214,6229
495,4463,10478
496,4432,10447
497,4304,10319
498,948,6963
499,4683,10698
500,2072,8087
501,1888,7903
502,5435,11450
503,3084,9099
504,2634,8649
505,3654,9669
506,5511,11526
507,3595,9610
508,1404,7419
509,1784,7799
510,5392,11407
511,1360,7375
512,5828,11843
513,5623,11638
514,5622,11637
515,2394,8409
516,2231,8246
517,690,6705
518,2558,8573
519,4800,10815
520,420,6435
521,1805,7820
522,469,6484
523,337,6352
524,4892,10907
525,5409,11424
526,1573,7588
527,1508,7523
528,829,6844
529,721,6736
530,3255,9270
531,5708,11723
532,5351,11366
533,1411,7426
534,1319,7334
535,1339,7354
536,4042,10057
537,3813,9828
538,2942,8957
539,3349,9364
540,199,6214
541,2935,8950
542,4174,10189
543,5177,11192
544,625,6640
545,4793,10808
546,207,6222
547,1436,7451
548,5404,11419
549,1363,7378
550,5808,11823
551,511,6526
552,3578,9593
553,5440,11455
554,1048,7063
555,3488,9503
556,1416,7431
557,4728,10743
558,967,6982
559,3711,9726
560,4453,10468
561,5597,11612
562,1513,7528
563,593,6608
564,1877,7892
565,2774,8789
566,3036,9051
567,2374,8389
568,1964,7979
569,4746,10761
570,322,6337
571,5101,11116
572,3857,9872
573,9,6024
574,1290,7305
575,198,6213
576,1252,7267
577,1219,7234
578,2263,8278
579,134,6149
580,5574,11589
581,1645,7660
582,3415,9430
583,277,6292
584,3553,9568
585,786,6801
586,3223,9238
587,5449,11464
588,4597,10612
589,4177,10192
590,6012,12027
591,4855,10870
592,245,6260
593,885,6900
594,2061,8076
595,2648,8663
596,3644,9659
597,2657,8672
598,3616,9631
599,3562,9577
600,1482,7497
601,5795,11810
602,5707,11722
603,3451,9466
604,4989,11004
605,3546,9561
606,5607,11622
607,2685,8700
608,724,6739
609,2252,8267
610,2475,8490
611,1041,7056
612,3538,9553
613,5032,11047
614,232,6247
615,3591,9606
616,388,6403
617,4775,10790
618,5078,11093
619,4578,10593
620,4486,10501
621,3827,9842
622,150,6165
623,5372,11387
624,3594,9609
625,1235,7250
626,3549,9564
627,4918,10933
628,3291,9306
629,4613,10628
630,4814,10829
631,1001,7016
632,5116,11131
633,427,6442
634,2084,8099
635,4723,10738
636,223,6238
637,3738,9753
638,5031,11046
639,3700,9715
640,970,6985
641,4666,10681
642,4577,10592
643,2401,8416
644,5796,11811
645,515,6530
646,5759,11774
647,2984,8999
648,1773,7788
649,4842,10857
650,193,6208
651,2873,8888
652,5374,11389
653,3140,9155
654,260,6275
655,4734,10749
656,1697,7712
657,4980,10995
658,2303,8318
659,1713,7728
660,1039,7054
661,5547,11562
662,5211,11226
663,3788,9803
664,5208,11223
665,884,6899
666,4689,10704
667,5373,11388
668,1890,7905
669,5876,11891
670,362,6377
671,4968,10983
672,1889,7904
673,2282,8297
674,3833,9848
675,4941,10956
676,3880,9895
677,1514,7529
678,5395,11410
679,4783,10798
680,3512,9527
681,2581,8596
682,2664,8679
683,1307,7322
684,4985,11000
685,3417,9432
686,2755,8770
687,1077,7092
688,2552,8567
689,1211,7226
690,3068,9083
691,3054,9069
692,5141,11156
693,2693,8708
694,4458,10473
695,16,6031
696,2421,8436
697,3279,9294
698,5982,11997
699,1440,7455
700,2851,8866
701,1806,7821
702,2631,8646
703,4434,10449
704,252,6267
705,4087,10102
706,2359,8374
707,3513,9528
708,1161,7176
709,4517,10532
710,2931,8946
711,5783,11798
712,934,6949
713,3758,9773
714,5897,11912
715,521,6536
716,5827,11842
717,4656,10671
718,3322,9337
719,4641,10656
720,726,6741
721,2133,8148
722,5764,11779
723,1487,7502
724,4678,10693
725,2393,8408
726,1450,7465
727,4342,10357
728,1009,7024
729,4443,10458
730,4272,10287
731,5751,11766
732,2212,8227
733,2583,8598
734,516,6531
735,2408,8423
736,4036,10051
737,475,6490
738,5132,11147
739,757,6772
740,4370,10385
741,671,6686
742,2639,8654
743,2910,8925
744,3764,9779
745,4446,10461
746,2856,8871
747,3622,9637
748,1467,7482
749,1688,7703
750,4911,10926
751,4080,10095
752,3969,9984
753,5974,11989
754,4631,10646
755,3013,9028
756,3401,9416
757,3457,9472
758,2419,8434
759,5694,11709
760,5108,11123
761,3189,9204
762,5324,11339
763,937,6952
764,5615,11630
765,1281,7296
766,2037,8052
767,2050,8065
768,3559,9574
769,536,6551
770,1570,7585
771,5931,11946
772,2039,8054
773,1800,7815
774,874,6889
775,5696,11711
776,3505,9520
777,4813,10828
778,474,6489
779,4856,10871
780,2071,8086
781,3731,9746
782,3371,9386
783,2792,8807
784,4319,10334
785,2077,8092
786,5039,11054
787,814,6829
788,4411,10426
789,4157,10172
790,91,6106
791,3376,9391
792,5067,11082
793,1178,7193
794,500,6515
795,5430,11445
796,1162,7177
797,71,6086
798,513,6528
799,184,6199
800,3727,9742
801,2477,8492
802,2392,8407
803,853,6868
804,280,6295
805,2880,8895
806,4347,10362
807,4038,10053
808,1278,7293
809,4877,10892
810,5583,11598
811,2748,8763
812,4593,10608
813,446,6461
814,119,6134
815,3904,9919
816,2089,8104
817,1952,7967
818,5286,11301
819,744,6759
820,1022,7037
821,5601,11616
822,3998,10013
823,2149,8164
824,5090,11105
825,544,6559
826,2455,8470
827,812,6827
828,510,6525
829,1880,7895
830,4798,10813
831,182,6197
832,2656,8671
833,2453,8468
834,5859,11874
835,3849,9864
836,2170,8185
837,2956,8971
838,72,6087
839,2781,8796
840,737,6752
841,1818,7833
842,755,6770
843,4790,10805
844,1929,7944
845,1317,7332
846,4376,10391
847,4726,10741
848,5234,11249
849,2548,8563
850,3503,9518
851,1831,7846
852,1176,7191
853,3925,9940
854,1647,7662
855,5790,11805
856,1400,7415
857,4043,10058
858,3174,9189
859,3114,9129
860,4245,10260
861,2688,8703
862,2554,8569
863,1093,7108
864,5714,11729
865,5839,11854
866,1941,7956
867,2420,8435
868,876,6891
869,1650,7665
870,5270,11285
871,1376,7391
872,2791,8806
873,5110,11125
874,4167,10182
875,5756,11771
876,3385,9400
877,281,6296
878,4293,10308
879,1919,7934
880,1379,7394
881,4292,10307
882,4533,10548
883,4324,10339
884,4386,10401
885,111,6126
886,368,6383
887,1337,7352
888,2874,8889
889,4417,10432
890,863,6878
891,75,6090
892,3939,9954
893,1541,7556
894,2703,8718
895,2218,8233
896,4752,10767
897,5272,11287
898,2636,8651
899,5480,11495
900,1547,7562
901,2059,8074
902,3776,9791
903,2351,8366
904,5205,11220
905,1284,7299
906,1027,7042
907,3089,9104
908,5557,11572
909,543,6558
910,5357,11372
911,4933,10948
912,1158,7173
913,5125,11140
914,5699,11714
915,4487,10502
916,4905,10920
917,2684,8699
918,4823,10838
919,2103,8118
920,3396,9411
921,3027,9042
922,1682,7697
923,2972,8987
924,5439,11454
925,3835,9850
926,313,6328
927,1517,7532
928,476,6491
929,4094,10109
930,5692,11707
931,1673,7688
932,1812,7827
933,5065,11080
934,5774,11789
935,4149,10164
936,4788,10803
937,4315,10330
938,3226,9241
939,540,6555
940,2179,8194
941,3161,9176
942,4305,10320
943,139,6154
944,2848,8863
945,3950,9965
946,4937,10952
947,2021,8036
948,5671,11686
949,1748,7763
950,663,6678
951,1809,7824
952,3105,9120
953,4990,11005
954,3020,9035
955,1860,7875
956,1991,8006
957,3372,9387
958,2330,8345
959,1769,7784
960,3935,9950
961,2065,8080
962,5268,11283
963,5727,11742
964,4946,10961
965,358,6373
966,3997,10012
967,3718,9733
968,1304,7319
969,4323,10338
970,1932,7947
971,3421,9436
972,5042,11057
973,1685,7700
974,15,6030
975,1589,7604
976,2364,8379
977,4699,10714
978,4176,10191
979,2582,8597
980,854,6869
981,1554,7569
982,1630,7645
983,1643,7658
984,400,6415
985,2527,8542
986,3144,9159
987,2230,8245
988,1540,7555
989,2403,8418
990,419,6434
991,4778,10793
992,1267,7282
993,5677,11692
994,3444,9459
995,2867,8882
996,2036,8051
997,514,6529
998,4639,10654
999,3838,9853
1000,3393,9408
1001,764,6779
1002,1156,7171
1003,991,7006
1004,3133,9148
1005,3289,9304
1006,124,6139
1007,2553,8568
1008,3692,9707
1009,5956,11971
1010,2953,8968
1011,794,6809
1012,1868,7883
1013,604,6619
1014,5686,11701
1015,5675,11690
1016,2981,8996
1017,4449,10464
1018,458,6473
1019,6000,12015
1020,512,6527
1021,4811,10826
1022,2354,8369
1023,3201,9216
1024,5782,11797
1025,1485,7500
1026,5169,11184
1027,4003,10018
1028,1807,7822
1029,1374,7389
1030,5094,11109
1031,2617,8632
1032,4021,10036
1033,3780,9795
1034,5059,11074
1035,2997,9012
1036,1133,7148
1037,4707,10722
1038,985,7000
1039,3388,9403
1040,3135,9150
1041,2405,8420
1042,4354,10369
1043,643,6658
1044,2562,8577
1045,1139,7154
1046,5908,11923
1047,5667,11682
1048,2523,8538
1049,4061,10076
1050,4744,10759
1051,5995,12010
1052,4519,10534
1053,675,6690
1054,5507,11522
1055,413,6428
1056,2681,8696
1057,685,6700
1058,5867,11882
1059,1335,7350
1060,3294,9309
1061,2509,8524
1062,4853,10868
1063,4953,10968
1064,5988,12003
1065,5936,11951
1066,615,6630
1067,4296,10311
1068,5158,11173
1069,230,6245
1070,405,6420
1071,673,6688
1072,5047,11062
1073,3433,9448
1074,2828,8843
1075,2897,8912
1076,3596,9611
1077,2864,8879
1078,5530,11545
1079,2913,8928
1080,4147,10162
1081,909,6924
1082,5277,11292
1083,5275,11290
1084,3855,9870
1085,506,6521
1086,1222,7237
1087,3645,9660
1088,5162,11177
1089,1865,7880
1090,5433,11448
1091,3071,9086
1092,3056,9071
1093,5631,11646
1094,3286,9301
1095,390,6405
1096,4732,10747
1097,2035,8050
1098,4461,10476
1099,2623,8638
1100,846,6861
1101,1611,7626
1102,1983,7998
1103,3960,9975
1104,189,6204
1105,2666,8681
1106,2736,8751
1107,1321,7336
1108,3297,9312
1109,784,6799
1110,5104,11119
1111,3047,9062
1112,5377,11392
1113,1775,7790
1114,758,6773
1115,1131,7146
1116,542,6557
1117,630,6645
1118,1212,7227
1119,1743,7758
1120,441,6456
1121,4280,10295
1122,2352,8367
1123,1253,7268
1124,923,6938
1125,4959,10974
1126,5640,11655
1127,5257,11272
1128,2083,8098
1129,833,6848
1130,2051,8066
1131,5095,11110
1132,5614,11629
1133,3332,9347
1134,6,6021
1135,2673,8688
1136,4837,10852
1137,4582,10597
1138,4478,10493
1139,2266,8281
1140,5647,11662
1141,2776,8791
1142,415,6430
1143,4786,10801
1144,5121,11136
1145,1029,7044
1146,330,6345
1147,2295,8310
1148,851,6866
1149,1793,7808
1150,1044,7059
1151,914,6929
1152,2677,8692
1153,5575,11590
1154,3017,9032
1155,5030,11045
1156,1857,7872
1157,3585,9600
1158,1481,7496
1159,3053,9068
1160,4199,10214
1161,598,6613
1162,5472,11487
1163,3203,9218
1164,2976,8991
1165,5812,11827
1166,4626,10641
1167,3042,9057
1168,145,6160
1169,2221,8236
1170,3876,9891
1171,2627,8642
1172,3113,9128
1173,279,6294
1174,2032,8047
1175,176,6191
1176,5188,11203
1177,3378,9393
1178,374,6389
1179,5172,11187
1180,1608,7623
1181,3520,9535
1182,3268,9283
1183,3686,9701
1184,478,6493
1185,61,6076
1186,2471,8486
1187,3862,9877
1188,5129,11144
1189,93,6108
1190,687,6702
1191,4013,10028
1192,3093,9108
1193,4070,10085
1194,6002,12017
1195,1553,7568
1196,371,6386
1197,4165,10180
1198,2922,8937
1199,5021,11036
1200,4595,10610
1201,2730,8745
1202,1925,7940
1203,4297,10312
1204,1293,7308
1205,3802,9817
1206,2929,8944
1207,1947,7962
1208,897,6912
1209,4156,10171
1210,4299,10314
1211,2577,8592
1212,5007,11022
1213,3341,9356
1214,4134,10149
1215,116,6131
1216,2227,8242
1217,473,6488
1218,3184,9199
1219,2317,8332
1220,1837,7852
1221,2205,8220
1222,898,6913
1223,3316,9331
1224,4876,10891
1225,3167,9182
1226,4566,10581
1227,739,6754
1228,2872,8887
1229,2717,8732
1230,5253,11268
1231,3195,9210
1232,5244,11259
1233,1407,7422
1234,2283,8298
1235,538,6553
1236,4763,10778
1237,4254,10269
1238,774,6789
1239,835,6850
1240,5354,11369
1241,2040,8055
1242,1384,7399
1243,681,6696
1244,66,6081
1245,4137,10152
1246,4622,10637
1247,5291,11306
1248,4393,10408
1249,3611,9626
1250,5582,11597
1251,380,6395
1252,2136,8151
1253,2832,8847
1254,1100,7115
1255,2858,8873
1256,1651,7666
1257,4007,10022
1258,2174,8189
1259,2247,8262
1260,5000,11015
1261,2882,8897
1262,4930,10945
1263,3500,9515
1264,709,6724
1265,4833,10848
1266,1626,7641
1267,1445,7460
1268,560,6575
1269,2594,8609
1270,126,6141
1271,5840,11855
1272,1534,7549
1273,2766,8781
1274,5223,11238
1275,151,6166
1276,4662,10677
1277,734,6749
1278,3878,9893
1279,1855,7870
1280,4133,10148
1281,1276,7291
1282,3359,9374
1283,5298,11313
1284,2296,8311
1285,2966,8981
1286,1149,7164
1287,1112,7127
1288,2571,8586
1289,39,6054
1290,2195,8210
1291,1802,7817
1292,4086,10101
1293,575,6590
1294,5984,11999
1295,3416,9431
1296,4588,10603
1297,5466,11481
1298,38,6053
1299,3649,9664
1300,229,6244
1301,1143,7158
1302,4881,10896
1303,651,6666
1304,3918,9933
1305,4587,10602
1306,4232,10247
1307,4037,10052
1308,4560,10575
1309,3229,9244
1310,4538,10553
1311,2139,8154
1312,5777,11792
1313,5416,11431
1314,90,6105
1315,3251,9266
1316,5844,11859
1317,3601,9616
1318,1881,7896
1319,546,6561
1320,1362,7377
1321,5333,11348
1322,807,6822
1323,5180,11195
1324,1224,7239
1325,2147,8162
1326,5317,11332
1327,4742,10757
1328,2454,8469
1329,4001,10016
1330,3564,9579
1331,2985,9000
1332,1617,7632
1333,4703,10718
1334,4635,10650
1335,2968,8983
1336,4797,10812
1337,1772,7787
1338,5002,11017
1339,5895,11910
1340,802,6817
1341,5346,11361
1342,4580,10595
1343,5709,11724
1344,2949,8964
1345,1002,7017
1346,3958,9973
1347,5079,11094
1348,4586,10601
1349,1303,7318
1350,759,6774
1351,1603,7618
1352,1946,7961
1353,4237,10252
1354,4615,10630
1355,2802,8817
1356,5914,11929
1357,5044,11059
1358,5595,11610
1359,1479,7494
1360,2368,8383
1361,2860,8875
1362,771,6786
1363,3271,9286
1364,4425,10440
1365,5232,11247
1366,4661,10676
1367,4681,10696
1368,2883,8898
1369,133,6148
1370,2994,9009
1371,1811,7826
1372,5075,11090
1373,4698,10713
1374,4395,10410
1375,272,6287
1376,5665,11680
1377,4895,10910
1378,845,6860
1379,564,6579
1380,5643,11658
1381,2365,8380
1382,4902,10917
1383,439,6454
1384,1015,7030
1385,2370,8385
1386,3147,9162
1387,4091,10106
1388,665,6680
1389,5742,11757
1390,3859,9874
1391,5150,11165
1392,2812,8827
1393,3680,9695
1394,5319,11334
1395,5566,11581
1396,4221,10236
1397,3575,9590
1398,789,6804
1399,3796,9811
1400,3535,9550
1401,4492,10507
1402,3842,9857
1403,5371,11386
1404,4095,10110
1405,4712,10727
1406,1967,7982
1407,3830,9845
1408,5213,11228
1409,1982,7997
1410,4701,10716
1411,177,6192
1412,2613,8628
1413,2422,8437
1414,1127,7142
1415,1191,7206
1416,4708,10723
1417,5495,11510
1418,762,6777
1419,2625,8640
1420,2649,8664
1421,4499,10514
1422,3303,9318
1423,3886,9901
1424,4503,10518
1425,298,6313
1426,5629,11644
1427,3537,9552
1428,4636,10651
1429,5542,11557
1430,5062,11077
1431,5883,11898
1432,1683,7698
1433,1023,7038
1434,2177,8192
1435,1735,7750
1436,4526,10541
1437,1423,7438
1438,5718,11733
1439,3972,9987
1440,1033,7048
1441,3936,9951
1442,2629,8644
1443,5720,11735
1444,3323,9338
1445,1168,7183
1446,1726,7741
1447,3834,9849
1448,3640,9655
1449,5681,11696
1450,4229,10244
1451,3832,9847
1452,5184,11199
1453,815,6830
1454,1063,7078
1455,1957,7972
1456,164,6179
1457,3465,9480
1458,4883,10898
1459,963,6978
1460,3352,9367
1461,81,6096
1462,3647,9662
1463,5146,11161
1464,1042,7057
1465,3532,9547
1466,823,6838
1467,205,6220
1468,2463,8478
1469,1085,7100
1470,1460,7475
1471,572,6587
1472,1287,7302
1473,3469,9484
1474,3170,9185
1475,195,6210
1476,2829,8844
1477,5653,11668
1478,4617,10632
1479,1736,7751
1480,946,6961
1481,5299,11314
1482,2456,8471
1483,144,6159
1484,3504,9519
1485,1681,7696
1486,3551,9566
1487,3938,9953
1488,1744,7759
1489,1016,7031
1490,4282,10297
1491,4283,10298
1492,5911,11926
1493,1206,7221
1494,1712,7727
1495,957,6972
1496,4263,10278
1497,3964,9979
1498,5442,11457
1499,1248,7263
1500,1609,7624
1501,1783,7798
1502,179,6194
1503,711,6726
1504,5656,11671
1505,183,6198
1506,32,6047
1507,5436,11451
1508,4781,10796
1509,2481,8496
1510,3016,9031
1511,4525,10540
1512,2349,8364
1513,285,6300
1514,2526,8541
1515,1378,7393
1516,3767,9782
1517,3606,9621
1518,5880,11895
1519,5173,11188
1520,2954,8969
1521,3063,9078
1522,5258,11273
1523,4248,10263
1524,2726,8741
1525,128,6143
1526,3456,9471
1527,4119,10134
1528,3424,9439
1529,5465,11480
1530,3422,9437
1531,4217,10232
1532,1499,7514
1533,4369,10384
1534,529,6544
1535,5050,11065
1536,1581,7596
1537,5695,11710
1538,3604,9619
1539,5652,11667
1540,4365,10380
1541,2948,8963
1542,3346,9361
1543,750,6765
1544,2107,8122
1545,4201,10216
1546,4333,10348
1547,1777,7792
1548,5182,11197
1549,626,6641
1550,1227,7242
1551,4633,10648
1552,4068,10083
1553,3314,9329
1554,5633,11648
1555,4418,10433
1556,1075,7090
1557,541,6556
1558,1739,7754
1559,3242,9257
1560,3701,9716
1561,3252,9267
1562,5704,11719
1563,2515,8530
1564,1425,7440
1565,5868,11883
1566,3682,9697
1567,2018,8033
1568,776,6791
1569,619,6634
1570,4210,10225
1571,3081,9096
1572,3720,9735
1573,1938,7953
1574,4521,10536
1575,781,6796
1576,949,6964
1577,5097,11112
1578,752,6767
1579,5987,12002
1580,2547,8562
1581,112,6127
1582,3172,9187
1583,3059,9074
1584,5124,11139
1585,901,6916
1586,1484,7499
1587,5214,11229
1588,680,6695
1589,1061,7076
1590,592,6607
1591,1627,7642
1592,1474,7489
1593,1422,7437
1594,1122,7137
1595,3028,9043
1596,3490,9505
1597,14,6029
1598,1927,7942
1599,3793,9808
1600,3708,9723
1601,3064,9079
1602,4500,10515
1603,1166,7181
1604,3902,9917
1605,3797,9812
1606,4604,10619
1607,443,6458
1608,1839,7854
1609,168,6183
1610,5544,11559
1611,3117,9132
1612,1266,7281
1613,5077,11092
1614,3136,9151
1615,2641,8656
1616,2714,8729
1617,4407,10422
1618,902,6917
1619,3655,9670
1620,1327,7342
1621,5889,11904
1622,2316,8331
1623,3092,9107
1624,2165,8180
1625,3374,9389
1626,2250,8265
1627,3901,9916
1628,4885,10900
1629,2588,8603
1630,1984,7999
1631,4110,10125
1632,5273,11288
1633,4951,10966
1634,3569,9584
1635,30,6045
1636,3996,10011
1637,5589,11604
1638,76,6091
1639,1878,7893
1640,5112,11127
1641,4181,10196
1642,622,6637
1643,2428,8443
1644,2866,8881
1645,407,6422
1646,920,6935
1647,940,6955
1648,1465,7480
1649,3347,9362
1650,5559,11574
1651,1762,7777
1652,4327,10342
1653,2719,8734
1654,2410,8425
1655,3205,9220
1656,1997,8012
1657,4934,10949
1658,654,6669
1659,3801,9816
1660,606,6621
1661,2201,8216
1662,4040,10055
1663,4545,10560
1664,3971,9986
1665,2048,8063
1666,4903,10918
1667,1579,7594
1668,2467,8482
1669,266,6281
1670,4995,11010
1671,2438,8453
1672,4516,10531
1673,3777,9792
1674,1549,7564
1675,1803,7818
1676,1420,7435
1677,5749,11764
1678,5341,11356
1679,3681,9696
1680,4872,10887
1681,465,6480
1682,4992,11007
1683,2181,8196
1684,3239,9254
1685,1692,7707
1686,4714,10729
1687,291,6306
1688,585,6600
1689,1128,7143
1690,2896,8911
1691,1858,7873
1692,5235,11250
1693,3256,9271
1694,2773,8788
1695,978,6993
1696,2244,8259
1697,3799,9814
1698,4015,10030
1699,1334,7349
1700,4129,10144
1701,3479,9494
1702,4320,10335
1703,3771,9786
1704,1124,7139
1705,1386,7401
1706,1310,7325
1707,4839,10854
1708,2273,8288
1709,4193,10208
1710,4747,10762
1711,3313,9328
1712,5581,11596
1713,1798,7813
1714,4857,10872
1715,573,6588
1716,5600,11615
1717,1082,7097
1718,2314,8329
1719,1985,8000
1720,202,6217
1721,3491,9506
1722,5568,11583
1723,4435,10450
1724,4312,10327
1725,1901,7916
1726,3781,9796
1727,954,6969
1728,4222,10237
1729,3345,9360
1730,3677,9692
1731,5837,11852
1732,2140,8155
1733,5220,11235
1734,3631,9646
1735,5329,11344
1736,2686,8701
1737,2492,8507
1738,1760,7775
1739,3743,9758
1740,4349,10364
1741,5385,11400
1742,1507,7522
1743,5780,11795
1744,1856,7871
1745,4429,10444
1746,1477,7492
1747,2566,8581
1748,5398,11413
1749,73,6088
1750,3570,9585
1751,3822,9837
1752,20,6035
1753,624,6639
1754,2487,8502
1755,4071,10086
1756,3984,9999
1757,201,6216
1758,2804,8819
1759,928,6943
1760,5266,11281
1761,467,6482
1762,1054,7069
1763,796,6811
1764,2415,8430
1765,4279,10294
1766,102,6117
1767,4397,10412
1768,4851,10866
1769,5144,11159
1770,4782,10797
1771,1167,7182
1772,2379,8394
1773,217,6232
1774,4510,10525
1775,5792,11807
1776,5022,11037
1777,3947,9962
1778,3501,9516
1779,5008,11023
1780,3157,9172
1781,3019,9034
1782,4078,10093
1783,4664,10679
1784,3703,9718
1785,1870,7885
1786,4878,10893
1787,3355,9370
1788,2630,8645
1789,4802,10817
1790,4765,10780
1791,5311,11326
1792,2078,8093
1793,58,6073
1794,1137,7152
1795,1510,7525
1796,1894,7909
1797,4893,10908
1798,4715,10730
1799,42,6057
1800,1883,7898
1801,1724,7739
1802,684,6699
1803,3670,9685
1804,2495,8510
1805,1380,7395
1806,4244,10259
1807,1785,7800
1808,3900,9915
1809,5118,11133
1810,5338,11353
1811,4209,10224
1812,749,6764
1813,5010,11025
1814,2306,8321
1815,1866,7881
1816,3697,9712
1817,3045,9060
1818,712,6727
1819,483,6498
1820,4277,10292
1821,5230,11245
1822,1705,7720
1823,4983,10998
1824,3343,9358
1825,5994,12009
1826,3230,9245
1827,4214,10229
1828,4938,10953
1829,1343,7358
1830,2756,8771
1831,5610,11625
1832,1594,7609
1833,2279,8294
1834,437,6452
1835,2209,8224
1836,4274,10289
1837,2632,8647
1838,842,6857
1839,2557,8572
1840,60,6075
1841,5634,11649
1842,3454,9469
1843,1032,7047
1844,4104,10119
1845,3630,9645
1846,5194,11209
1847,1180,7195
1848,2484,8499
1849,4114,10129
1850,5330,11345
1851,5428,11443
1852,4836,10851
1853,2906,8921
1854,4910,10925
1855,5060,11075
1856,4684,10699
1857,1368,7383
1858,705,6720
1859,1910,7925
1860,3430,9445
1861,779,6794
1862,2058,8073
1863,1535,7550
1864,2801,8816
1865,5641,11656
1866,4557,10572
1867,49,6064
1868,409,6424
1869,4522,10537
1870,725,6740
1871,5935,11950
1872,668,6683
1873,3404,9419
1874,729,6744
1875,3910,9925
1876,3664,9679
1877,4928,10943
1878,5159,11174
1879,123,6138
1880,4987,11002
1881,1715,7730
1882,1966,7981
1883,4207,10222
1884,3410,9425
1885,5203,11218
1886,2057,8072
1887,5106,11121
1888,4336,10351
1889,4413,10428
1890,4340,10355
1891,1349,7364
1892,3463,9478
1893,5863,11878
1894,5713,11728
1895,1453,7468
1896,4109,10124
1897,1536,7551
1898,5586,11601
1899,5760,11775
1900,1448,7463
1901,924,6939
1902,4822,10837
1903,986,7001
1904,1826,7841
1905,3038,9053
1906,3178,9193
1907,586,6601
1908,5342,11357
1909,5027,11042
1910,4949,10964
1911,2843,8858
1912,3411,9426
1913,5664,11679
1914,5063,11078
1915,612,6627
1916,3477,9492
1917,159,6174
1918,2034,8049
1919,3961,9976
1920,21,6036
1921,4993,11008
1922,341,6356
1923,3197,9212
1924,2219,8234
1925,396,6411
1926,5251,11266
1927,4472,10487
1928,2014,8029
1929,3882,9897
1930,1665,7680
1931,1790,7805
1932,3356,9371
1933,117,6132
1934,1076,7091
1935,4665,10680
1936,647,6662
1937,3179,9194
1938,753,6768
1939,4673,10688
1940,3530,9545
1941,4524,10539
1942,4286,10301
1943,4259,10274
1944,4139,10154
1945,234,6249
1946,2005,8020
1947,2608,8623
1948,518,6533
1949,2750,8765
1950,3360,9375
1951,2197,8212
1952,3222,9237
1953,4028,10043
1954,376,6391
1955,395,6410
1956,2705,8720
1957,1526,7541
1958,1064,7079
1959,4092,10107
1960,3754,9769
1961,2667,8682
1962,2271,8286
1963,3163,9178
1964,3155,9170
1965,5933,11948
1966,4442,10457
1967,4677,10692
1968,2626,8641
1969,852,6867
1970,5833,11848
1971,5920,11935
1972,4191,10206
1973,1789,7804
1974,2152,8167
1975,5535,11550
1976,4753,10768
1977,5852,11867
1978,1260,7275
1979,1312,7327
1980,2834,8849
1981,1597,7612
1982,3672,9687
1983,1543,7558
1984,5164,11179
1985,5856,11871
1986,2000,8015
1987,4943,10958
1988,287,6302
1989,4123,10138
1990,4271,10286
1991,1338,7353
1992,2902,8917
1993,811,6826
1994,767,6782
1995,5320,11335
1996,5784,11799
1997,1007,7022
1998,210,6225
1999,3425,9440
2000,2123,8138
2001,1118,7133
2002,5052,11067
2003,2672,8687
2004,4359,10374
2005,3617,9632
2006,5142,11157
2007,2398,8413
2008,1095,7110
2009,507,6522
2010,3933,9948
2011,5276,11291
2012,4751,10766
2013,1186,7201
2014,5139,11154
2015,5976,11991
2016,5145,11160
2017,2132,8147
2018,5657,11672
2019,5590,11605
2020,392,6407
2021,4670,10685
2022,3690,9705
2023,2468,8483
2024,4879,10894
2025,3694,9709
2026,716,6731
2027,2919,8934
2028,1843,7858
2029,2224,8239
2030,3246,9261
2031,83,6098
2032,840,6855
2033,5973,11988
2034,5870,11885
2035,1198,7213
2036,2280,8295
2037,5776,11791
2038,3659,9674
2039,4122,10137
2040,4997,11012
2041,4322,10337
2042,4623,10638
2043,2542,8557
2044,5037,11052
2045,1796,7811
2046,4537,10552
2047,2560,8575
2048,2318,8333
2049,505,6520
2050,3369,9384
2051,4875,10890
2052,3523,9538
2053,5958,11973
2054,2382,8397
2055,5379,11394
2056,3698,9713
2057,3472,9487
2058,2027,8042
2059,209,6224
2060,336,6351
2061,5293,11308
2062,614,6629
2063,4555,10570
2064,5644,11659
2065,2593,8608
2066,3945,9960
2067,2733,8748
2068,3547,9562
2069,4471,10486
2070,1165,7180
2071,2384,8399
2072,5524,11539
2073,817,6832
2074,1863,7878
2075,4801,10816
2076,320,6335
2077,5918,11933
2078,5849,11864
2079,1274,7289
2080,3383,9398
2081,2362,8377
2082,3243,9258
2083,2369,8384
2084,805,6820
2085,2504,8519
2086,4008,10023
2087,5637,11652
2088,5555,11570
2089,1455,7470
2090,5522,11537
2091,1758,7773
2092,2689,8704
2093,3573,9588
2094,1874,7889
2095,1871,7886
2096,583,6598
2097,3467,9482
2098,4179,10194
2099,2127,8142
2100,3362,9377
2101,875,6890
2102,4589,10604
2103,4541,10556
2104,2412,8427
2105,270,6285
2106,4785,10800
2107,4713,10728
2108,2720,8735
2109,1308,7323
2110,5549,11564
2111,4099,10114
2112,5040,11055
2113,3685,9700
2114,412,6427
2115,29,6044
2116,1861,7876
2117,971,6986
2118,5168,11183
2119,3899,9914
2120,5514,11529
2121,679,6694
2122,2008,8023
2123,324,6339
2124,2742,8757
2125,831,6846
2126,5860,11875
2127,3560,9575
2128,2446,8461
2129,3473,9488
2130,2671,8686
2131,141,6156
2132,302,6317
2133,62,6077
2134,1691,7706
2135,2416,8431
2136,3932,9947
2137,311,6326
2138,5155,11170
2139,980,6995
2140,2357,8372
2141,4219,10234
2142,987,7002
2143,4819,10834
2144,3300,9315
2145,1199,7214
2146,456,6471
2147,5229,11244
2148,1754,7769
2149,4158,10173
2150,5463,11478
2151,1898,7913
2152,2003,8018
2153,5254,11269
2154,314,6329
2155,2220,8235
2156,3683,9698
2157,4456,10471
2158,1810,7825
2159,3330,9345
2160,2796,8811
2161,3266,9281
2162,1135,7150
2163,981,6996
2164,4085,10100
2165,1635,7650
2166,4512,10527
2167,3145,9160
2168,2239,8254
2169,4216,10231
2170,3282,9297
2171,1667,7682
2172,4475,10490
2173,5260,11275
2174,1478,7493
2175,5572,11587
2176,872,6887
2177,5541,11556
2178,5728,11743
2179,5193,11208
2180,3586,9601
2181,1522,7537
2182,4064,10079
2183,4426,10441
2184,579,6594
2185,5380,11395
2186,648,6663
2187,5954,11969
2188,167,6182
2189,3379,9394
2190,5960,11975
2191,1059,7074
2192,4409,10424
2193,1905,7920
2194,1717,7732
2195,5648,11663
2196,5012,11027
2197,96,6111
2198,3370,9385
2199,4576,10591
2200,2973,8988
2201,3109,9124
2202,1283,7298
2203,5326,11341
2204,5599,11614
2205,4166,10181
2206,4285,10300
2207,4261,10276
2208,1598,7613
2209,2891,8906
2210,5941,11956
2211,1377,7392
2212,2355,8370
2213,5628,11643
2214,241,6256
2215,5577,11592
2216,3380,9395
2217,3438,9453
2218,2016,8031
2219,1654,7669
2220,756,6771
2221,1270,7285
2222,2676,8691
2223,3937,9952
2224,2596,8611
2225,4077,10092
2226,1757,7772
2227,1201,7216
2228,3432,9447
2229,5898,11913
2230,98,6113
2231,4072,10087
2232,2038,8053
2233,1640,7655
2234,3238,9253
2235,1951,7966
2236,2735,8750
2237,3580,9595
2238,2488,8503
2239,5902,11917
2240,1242,7257
2241,2339,8354
2242,1527,7542
2243,1497,7512
2244,5793,11808
2245,2777,8792
2246,2096,8111
2247,2404,8419
2248,539,6554
2249,461,6476
2250,2691,8706
2251,2429,8444
2252,2238,8253
2253,5800,11815
2254,5353,11368
2255,941,6956
2256,1359,7374
2257,5005,11020
2258,5418,11433
2259,4184,10199
2260,5038,11053
2261,656,6671
2262,3524,9539
2263,3171,9186
2264,4363,10378
2265,1747,7762
2266,2489,8504
2267,3836,9851
2268,2012,8027
2269,208,6223
2270,3058,9073
2271,1395,7410
2272,1171,7186
2273,936,6951
2274,5838,11853
2275,3493,9508
2276,2715,8730
2277,3992,10007
2278,3525,9540
2279,2284,8299
2280,3127,9142
2281,4978,10993
2282,4509,10524
2283,328,6343
2284,1421,7436
2285,1829,7844
2286,258,6273
2287,5971,11986
2288,2249,8264
2289,1745,7760
2290,3656,9671
2291,2932,8947
2292,2399,8414
2293,4981,10996
2294,3418,9433
2295,1111,7126
2296,694,6709
2297,2661,8676
2298,769,6784
2299,4584,10599
2300,4268,10283
2301,1950,7965
2302,1542,7557
2303,3475,9490
2304,868,6883
2305,2151,8166
2306,2519,8534
2307,2439,8454
2308,865,6880
2309,5221,11236
2310,4952,10967
2311,4067,10082
2312,503,6518
2313,999,7014
2314,2437,8452
2315,5617,11632
2316,386,6401
2317,2433,8448
2318,3408,9423
2319,3275,9290
2320,4964,10979
2321,3328,9343
2322,5642,11657
2323,246,6261
2324,790,6805
2325,2572,8587
2326,4754,10769
2327,1822,7837
2328,4739,10754
2329,4444,10459
2330,5263,11278
2331,4379,10394
2332,4469,10484
2333,745,6760
2334,3805,9820
2335,567,6582
2336,4462,10477
2337,1628,7643
2338,4610,10625
2339,127,6142
2340,5401,11416
2341,4126,10141
2342,1005,7020
2343,2023,8038
2344,5711,11726
2345,918,6933
2346,633,6648
2347,5669,11684
2348,5459,11474
2349,2939,8954
2350,4532,10547
2351,197,6212
2352,5103,11118
2353,5071,11086
2354,3029,9044
2355,5347,11362
2356,2350,8365
2357,1083,7098
2358,2543,8558
2359,3638,9653
2360,5660,11675
2361,1084,7099
2362,1414,7429
2363,4840,10855
2364,532,6547
2365,3181,9196
2366,5486,11501
2367,5939,11954
2368,5003,11018
2369,1229,7244
2370,5082,11097
2371,4750,10765
2372,4024,10039
2373,457,6472
2374,5977,11992
2375,5962,11977
2376,2977,8992
2377,841,6856
2378,3574,9589
2379,3240,9255
2380,1498,7513
2381,4022,10037
2382,4767,10782
2383,452,6467
2384,4769,10784
2385,2345,8360
2386,3336,9351
2387,1105,7120
2388,1854,7869
2389,3003,9018
2390,4118,10133
2391,1024,7039
2392,4325,10340
2393,655,6670
2394,666,6681
2395,2506,8521
2396,5343,11358
2397,3403,9418
2398,5502,11517
2399,4948,10963
2400,719,6734
2401,5558,11573
2402,131,6146
2403,454,6469
2404,5998,12013
2405,1558,7573
2406,1816,7831
2407,1827,7842
2408,3589,9604
2409,4310,10325
2410,4490,10505
2411,547,6562
2412,4452,10467
2413,2473,8488
2414,2171,8186
2415,5123,11138
2416,414,6429
2417,3445,9460
2418,3270,9285
2419,4438,10453
2420,2237,8252
2421,19,6034
2422,1524,7539
2423,3024,9039
2424,5562,11577
2425,3277,9292
2426,1194,7209
2427,2822,8837
2428,3942,9957
2429,3273,9288
2430,3588,9603
2431,5625,11640
2432,488,6503
2433,3134,9149
2434,4882,10897
2435,2958,8973
2436,4281,10296
2437,428,6443
2438,1275,7290
2439,5149,11164
2440,2532,8547
2441,227,6242
2442,1729,7744
2443,1428,7443
2444,5925,11940
2445,3671,9686
2446,5255,11270
2447,2789,8804
2448,3082,9097
2449,5202,11217
2450,5160,11175
2451,1740,7755
2452,670,6685
2453,3554,9569
2454,743,6758
2455,908,6923
2456,5209,11224
2457,5877,11892
2458,4208,10223
2459,1801,7816
2460,1413,7428
2461,4634,10649
2462,1817,7832
2463,4642,10657
2464,832,6847
2465,4120,10135
2466,2348,8363
2467,4722,10737
2468,1666,7681
2469,5402,11417
2470,2539,8554
2471,664,6679
2472,2360,8375
2473,5801,11816
2474,1037,7052
2475,1109,7124
2476,2366,8381
2477,710,6725
2478,1055,7070
2479,1976,7991
2480,3851,9866
2481,1295,7310
2482,5249,11264
2483,3831,9846
2484,5127,11142
2485,5312,11327
2486,4688,10703
2487,5359,11374
2488,5269,11284
2489,3088,9103
2490,1516,7531
2491,5056,11071
2492,4927,10942
2493,5993,12008
2494,4416,10431
2495,3614,9629
2496,1596,7611
2497,1503,7518
2498,2108,8123
2499,4048,10063
2500,2995,9010
2501,983,6998
2502,3377,9392
2503,5400,11415
2504,359,6374
2505,3661,9676
2506,1381,7396
2507,2621,8636
2508,4169,10184
2509,4502,10517
2510,2794,8809
2511,4489,10504
2512,3636,9651
2513,4410,10425
2514,1078,7093
2515,890,6905
2516,3963,9978
2517,4150,10165
2518,1699,7714
2519,3839,9854
2520,577,6592
2521,5689,11704
2522,3974,9989
2523,318,6333
2524,5073,11088
2525,3763,9778
2526,3143,9158
2527,1008,7023
2528,927,6942
2529,1940,7955
2530,5788,11803
2531,5745,11760
2532,466,6481
2533,925,6940
2534,3261,9276
2535,1992,8007
2536,406,6421
2537,1552,7567
2538,40,6055
2539,1622,7637
2540,5814,11829
2541,4314,10329
2542,5222,11237
2543,221,6236
2544,857,6872
2545,4295,10310
2546,5340,11355
2547,4627,10642
2548,4792,10807
2549,3673,9688
2550,2070,8085
2551,2886,8901
2552,4389,10404
2553,5474,11489
2554,3550,9565
2555,3026,9041
2556,900,6915
2557,578,6593
2558,2222,8237
2559,1830,7845
2560,1405,7420
2561,2889,8904
2562,3739,9754
2563,2695,8710
2564,5288,11303
2565,5533,11548
2566,2821,8836
2567,3737,9752
2568,4717,10732
2569,1398,7413
2570,4362,10377
2571,3705,9720
2572,3717,9732
2573,1291,7306
2574,3247,9262
2575,5192,11207
2576,3621,9636
2577,921,6936
2578,4808,10823
2579,3905,9920
2580,1891,7906
2581,838,6853
2582,372,6387
2583,4212,10227
2584,4185,10200
2585,1678,7693
2586,3033,9048
2587,5888,11903
2588,5762,11777
2589,2529,8544
2590,660,6675
2591,4242,10257
2592,1672,7687
2593,3770,9785
2594,28,6043
2595,4439,10454
2596,4659,10674
2597,2333,8348
2598,4400,10415
2599,3217,9232
2600,2434,8449
2601,2690,8705
2602,1731,7746
2603,2901,8916
2604,1330,7345
2605,2323,8338
2606,3668,9683
2607,171,6186
2608,3146,9161
2609,4702,10717
2610,5282,11297
2611,4721,10736
2612,499,6514
2613,1778,7793
2614,1906,7921
2615,3188,9203
2616,891,6906
2617,2765,8780
2618,1159,7174
2619,5152,11167
2620,3993,10008
2621,4871,10886
2622,4596,10611
2623,1917,7932
2624,2299,8314
2625,1342,7357
2626,3048,9063
2627,5105,11120
2628,5350,11365
2629,5650,11665
2630,3471,9486
2631,4419,10434
2632,5278,11293
2633,2763,8778
2634,1698,7713
2635,2372,8387
2636,5854,11869
2637,2353,8368
2638,1469,7484
2639,2182,8197
2640,858,6873
2641,4197,10212
2642,2803,8818
2643,1298,7313
2644,2074,8089
2645,4146,10161
2646,818,6833
2647,1974,7989
2648,3929,9944
2649,3985,10000
2650,5115,11130
2651,2840,8855
2652,1322,7337
2653,2590,8605
2654,5518,11533
2655,2042,8057
2656,4387,10402
2657,4060,10075
2658,5538,11553
2659,1456,7471
2660,2525,8540
2661,3914,9929
2662,527,6542
2663,509,6524
2664,52,6067
2665,5786,11801
2666,5020,11035
2667,172,6187
2668,1849,7864
2669,3039,9054
2670,25,6040
2671,5654,11669
2672,2017,8032
2673,4599,10614
2674,1382,7397
2675,4246,10261
2676,4480,10495
2677,4870,10885
2678,824,6839
2679,2739,8754
2680,4265,10280
2681,3667,9682
2682,2073,8088
2683,206,6221
2684,3482,9497
2685,2443,8458
2686,2952,8967
2687,3124,9139
2688,708,6723
2689,2775,8790
2690,5913,11928
2691,5576,11591
2692,5804,11819
2693,4098,10113
2694,299,6314
2695,2154,8169
2696,2387,8402
2697,59,6074
2698,2063,8078
2699,5986,12001
2700,4731,10746
2701,161,6176
2702,2909,8924
2703,551,6566
2704,3234,9249
2705,5399,11414
2706,4784,10799
2707,4055,10070
2708,2731,8746
2709,103,6118
2710,3877,9892
2711,4568,10583
2712,3610,9625
2713,5857,11872
2714,2448,8463
2715,3462,9477
2716,418,6433
2717,3609,9624
2718,3363,9378
2719,4585,10600
2720,2805,8820
2721,1369,7384
2722,383,6398
2723,682,6697
2724,121,6136
2725,580,6595
2726,2242,8257
2727,3563,9578
2728,4976,10991
2729,5479,11494
2730,4144,10159
2731,5825,11840
2732,2831,8846
2733,5520,11535
2734,110,6125
2735,379,6394
2736,4700,10715
2737,468,6483
2738,1447,7462
2739,2052,8067
2740,2007,8022
2741,352,6367
2742,1424,7439
2743,5921,11936
2744,4202,10217
2745,608,6623
2746,3079,9094
2747,910,6925
2748,2188,8203
2749,5997,12012
2750,481,6496
2751,1664,7679
2752,4705,10720
2753,5316,11331
2754,2388,8403
2755,1221,7236
2756,3335,9350
2757,4979,10994
2758,2302,8317
2759,698,6713
2760,5265,11280
2761,1653,7668
2762,1294,7309
2763,4010,10025
2764,4716,10731
2765,5498,11513
2766,4695,10710
2767,1721,7736
2768,1153,7168
2769,4672,10687
2770,2559,8574
2771,2004,8019
2772,5412,11427
2773,296,6311
2774,69,6084
2775,211,6226
2776,1226,7241
2777,1961,7976
2778,1637,7652
2779,504,6519
2780,669,6684
2781,607,6622
2782,834,6849
2783,5281,11296
2784,4988,11003
2785,68,6083
2786,2915,8930
2787,4975,10990
2788,1761,7776
2789,2293,8308
2790,5131,11146
2791,462,6477
2792,2109,8124
2793,5352,11367
2794,2713,8728
2795,1092,7107
2796,3190,9205
2797,932,6947
2798,3691,9706
2799,2941,8956
2800,1574,7589
2801,976,6991
2802,4867,10882
2803,5376,11391
2804,2307,8322
2805,2904,8919
2806,703,6718
2807,10,6025
2808,1431,7446
2809,294,6309
2810,321,6336
2811,148,6163
2812,1636,7651
2813,5382,11397
2814,4849,10864
2815,2254,8269
2816,5256,11271
2817,2644,8659
2818,3815,9830
2819,370,6385
2820,3139,9154
2821,1742,7757
2822,3783,9798
2823,5716,11731
2824,249,6264
2825,950,6965
2826,5026,11041
2827,5743,11758
2828,5216,11231
2829,87,6102
2830,3436,9451
2831,1734,7749
2832,5985,12000
2833,722,6737
2834,2045,8060
2835,5049,11064
2836,713,6728
2837,3618,9633
2838,5802,11817
2839,265,6280
2840,1853,7868
2841,2850,8865
2842,1488,7503
2843,3148,9163
2844,2324,8339
2845,5787,11802
2846,3398,9413
2847,883,6898
2848,3215,9230
2849,3748,9763
2850,1529,7544
2851,5423,11438
2852,5771,11786
2853,5938,11953
2854,50,6065
2855,2417,8432
2856,2137,8152
2857,5148,11163
2858,3439,9454
2859,2936,8951
2860,3916,9931
2861,399,6414
2862,256,6271
2863,2119,8134
2864,4198,10213
2865,1939,7954
2866,1486,7501
2867,2823,8838
2868,1108,7123
2869,1779,7794
2870,1195,7210
2871,3437,9452
2872,486,6501
2873,2787,8802
2874,5248,11263
2875,4039,10054
2876,2894,8909
2877,2914,8929
2878,3635,9650
2879,1172,7187
2880,2564,8579
2881,495,6510
2882,262,6277
2883,2540,8555
2884,3786,9801
2885,2030,8045
2886,2124,8139
2887,3446,9461
2888,968,6983
2889,5944,11959
2890,601,6616
2891,1738,7753
2892,6008,12023
2893,2241,8256
2894,1415,7430
2895,1937,7952
2896,631,6646
2897,3122,9137
2898,4709,10724
2899,5134,11149
2900,2616,8631
2901,4826,10841
2902,3186,9201
2903,2609,8624
2904,3978,9993
2905,2269,8284
2906,2607,8622
2907,244,6259
2908,1430,7445
2909,4694,10709
2910,2187,8202
2911,5444,11459
2912,5096,11111
2913,1945,7960
2914,2679,8694
2915,3344,9359
2916,545,6560
2917,1184,7199
2918,1980,7995
2919,5189,11204
2920,4394,10409
2921,2298,8313
2922,315,6330
2923,2285,8300
2924,4132,10147
2925,4821,10836
2926,3721,9736
2927,2168,8183
2928,2746,8761
2929,310,6325
2930,3254,9269
2931,2013,8028
2932,5690,11705
2933,5384,11399
2934,848,6863
2935,4574,10589
2936,992,7007
2937,534,6549
2938,2159,8174
2939,4331,10346
2940,2485,8500
2941,5587,11602
2942,4605,10620
2943,4850,10865
2944,3861,9876
2945,175,6190
2946,1544,7559
2947,2980,8995
2948,1694,7709
2949,3669,9684
2950,3518,9533
2951,3138,9153
2952,5757,11772
2953,250,6265
2954,1708,7723
2955,2196,8211
2956,706,6721
2957,2819,8834
2958,5834,11849
2959,7,6022
2960,3035,9050
2961,989,7004
2962,2093,8108
2963,5233,11248
2964,5619,11634
2965,1844,7859
2966,2893,8908
2967,43,6058
2968,5717,11732
2969,3351,9366
2970,27,6042
2971,340,6355
2972,1026,7041
2973,3666,9681
2974,4724,10739
2975,5187,11202
2976,956,6971
2977,2912,8927
2978,4483,10498
2979,4308,10323
2980,1336,7351
2981,4074,10089
2982,1273,7288
2983,696,6711
2984,6007,12022
2985,4183,10198
2986,4830,10845
2987,4101,10116
2988,5243,11258
2989,4810,10825
2990,5339,11354
2991,1200,7215
2992,5672,11687
2993,4479,10494
2994,4880,10895
2995,17,6032
2996,1502,7517
2997,5364,11379
2998,2707,8722
2999,4076,10091
3000,2575,8590
3001,4546,10561
3002,4220,10235
3003,5137,11152
3004,4058,10073
3005,89,6104
3006,4288,10303
3007,2361,8376
3008,1129,7144
3009,1096,7111
3010,5661,11676
3011,2020,8035
3012,4130,10145
3013,537,6552
3014,5053,11068
3015,4515,10530
3016,5252,11267
3017,2185,8200
3018,2486,8501
3019,1046,7061
3020,397,6412
3021,1325,7340
3022,4581,10596
3023,5393,11408
3024,3165,9180
3025,4367,10382
3026,3712,9727
3027,4660,10675
3028,4182,10197
3029,5328,11343
3030,3988,10003
3031,2343,8358
3032,3536,9551
3033,1720,7735
3034,4218,10233
3035,4630,10645
3036,3116,9131
3037,740,6755
3038,1727,7742
3039,3405,9420
3040,5989,12004
3041,3050,9065
3042,4912,10927
3043,2516,8531
3044,3154,9169
3045,4514,10529
3046,4192,10207
3047,2500,8515
3048,1768,7783
3049,2797,8812
3050,5964,11979
3051,432,6447
3052,906,6921
3053,5196,11211
3054,5955,11970
3055,574,6589
3056,5548,11563
3057,4602,10617
3058,3639,9654
3059,702,6717
3060,2117,8132
3061,2959,8974
3062,231,6246
3063,887,6902
3064,361,6376
3065,3236,9251
3066,4213,10228
3067,3906,9921
3068,1130,7145
3069,972,6987
3070,4520,10535
3071,3865,9880
3072,2514,8529
3073,3426,9441
3074,3612,9627
3075,1620,7635
3076,5725,11740
3077,5948,11963
3078,2940,8955
3079,4809,10824
3080,3798,9813
3081,3129,9144
3082,3615,9630
3083,3160,9175
3084,3522,9537
3085,600,6615
3086,3406,9421
3087,3828,9843
3088,3728,9743
3089,962,6977
3090,22,6037
3091,286,6301
3092,634,6649
3093,411,6426
3094,746,6761
3095,2184,8199
3096,1663,7678
3097,5246,11261
3098,46,6061
3099,4127,10142
3100,3751,9766
3101,3077,9092
3102,453,6468
3103,4706,10721
3104,1301,7316
3105,4657,10672
3106,4854,10869
3107,4924,10939
3108,4178,10193
3109,1593,7608
3110,867,6882
3111,1476,7491
3112,1791,7806
3113,1231,7246
3114,1326,7341
3115,879,6894
3116,2248,8263
3117,2556,8571
3118,1587,7602
3119,1962,7977
3120,5450,11465
3121,2215,8230
3122,5130,11145
3123,1402,7417
3124,4066,10081
3125,3994,10009
3126,4162,10177
3127,455,6470
3128,5593,11608
3129,5835,11850
3130,889,6904
3131,4111,10126
3132,4921,10936
3133,4211,10226
3134,4611,10626
3135,4313,10328
3136,3552,9567
3137,2839,8854
3138,2262,8277
3139,5484,11499
3140,1493,7508
3141,4287,10302
3142,2992,9007
3143,4088,10103
3144,4380,10395
3145,1684,7699
3146,3168,9183
3147,557,6572
3148,1091,7106
3149,2584,8599
3150,5302,11317
3151,480,6495
3152,1292,7307
3153,5337,11352
3154,760,6775
3155,387,6402
3156,3034,9049
3157,3032,9047
3158,3775,9790
3159,1427,7442
3160,1623,7638
3161,1935,7950
3162,2917,8932
3163,555,6570
3164,3872,9887
3165,6011,12026
3166,1571,7586
3167,326,6341
3168,4488,10503
3169,1792,7807
3170,332,6347
3171,4558,10573
3172,3581,9596
3173,3869,9884
3174,3342,9357
3175,837,6852
3176,2993,9008
3177,2597,8612
3178,5903,11918
3179,3517,9532
3180,1025,7040
3181,861,6876
3182,531,6546
3183,2191,8206
3184,1879,7894
3185,1566,7581
3186,2112,8127
3187,5421,11436
3188,714,6729
3189,4563,10578
3190,1538,7553
3191,1550,7565
3192,5453,11468
3193,2178,8193
3194,1998,8013
3195,2175,8190
3196,1599,7614
3197,5778,11793
3198,1936,7951
3199,2659,8674
3200,2066,8081
3201,3125,9140
3202,74,6089
3203,1644,7659
3204,1313,7328
3205,3441,9456
3206,1915,7930
3207,3074,9089
3208,3010,9025
3209,1821,7836
3210,3519,9534
3211,1693,7708
3212,4972,10987
3213,2297,8312
3214,1969,7984
3215,2290,8305
3216,5451,11466
3217,77,6092
3218,6003,12018
3219,1288,7303
3220,4017,10032
3221,4023,10038
3222,695,6710
3223,2053,8068
3224,5550,11565
3225,2697,8712
3226,5004,11019
3227,3509,9524
3228,2903,8918
3229,4507,10522
3230,5397,11412
3231,916,6931
3232,3435,9450
3233,2047,8062
3234,2771,8786
3235,2808,8823
3236,4652,10667
3237,5212,11227
3238,6009,12024
3239,5980,11995
3240,2257,8272
3241,1316,7331
3242,4818,10833
3243,3962,9977
3244,2970,8985
3245,1000,7015
3246,2210,8225
3247,1170,7185
3248,3085,9100
3249,3399,9414
3250,2099,8114
3251,4858,10873
3252,3576,9591
3253,238,6253
3254,3555,9570
3255,4215,10230
3256,4543,10558
3257,3951,9966
3258,472,6487
3259,5753,11768
3260,4339,10354
3261,652,6667
3262,2272,8287
3263,1725,7740
3264,3811,9826
3265,5670,11685
3266,3843,9858
3267,5798,11813
3268,4378,10393
3269,2911,8926
3270,3829,9844
3271,4057,10072
3272,1625,7640
3273,4676,10691
3274,1930,7945
3275,4572,10587
3276,935,6950
3277,571,6586
3278,3015,9030
3279,2167,8182
3280,2383,8398
3281,1618,7633
3282,1410,7425
3283,1262,7277
3284,3733,9748
3285,5467,11482
3286,1741,7756
3287,822,6837
3288,4190,10205
3289,2409,8424
3290,1548,7563
3291,3072,9087
3292,5761,11776
3293,4965,10980
3294,2385,8400
3295,2115,8130
3296,4230,10245
3297,426,6441
3298,1903,7918
3299,3021,9036
3300,3152,9167
3301,1071,7086
3302,4052,10067
3303,1990,8005
3304,2116,8131
3305,806,6821
3306,5218,11233
3307,736,6751
3308,1119,7134
3309,5099,11114
3310,6005,12020
3311,2476,8491
3312,3928,9943
3313,5630,11645
3314,1238,7253
3315,4725,10740
3316,2712,8727
3317,215,6230
3318,129,6144
3319,701,6716
3320,1,6016
3321,373,6388
3322,3280,9295
3323,5992,12007
3324,1714,7729
3325,5024,11039
3326,2752,8767
3327,2104,8119
3328,2638,8653
3329,5415,11430
3330,4860,10875
3331,5117,11132
3332,2436,8451
3333,642,6657
3334,3413,9428
3335,1113,7128
3336,5655,11670
3337,4329,10344
3338,225,6240
3339,1670,7685
3340,88,6103
3341,4759,10774
3342,772,6787
3343,4556,10571
3344,2041,8056
3345,1164,7179
3346,4960,10975
3347,5488,11503
3348,3208,9223
3349,768,6783
3350,4757,10772
3351,3750,9765
3352,3497,9512
3353,4194,10209
3354,3858,9873
3355,2971,8986
3356,3169,9184
3357,5473,11488
3358,1299,7314
3359,1733,7748
3360,3244,9259
3361,2647,8662
3362,4954,10969
3363,3704,9719
3364,1633,7648
3365,5636,11651
3366,4945,10960
3367,5028,11043
3368,342,6357
3369,1192,7207
3370,4864,10879
3371,1012,7027
3372,3402,9417
3373,3443,9458
3374,3725,9740
3375,2085,8100
3376,1711,7726
3377,4791,10806
3378,3498,9513
3379,4624,10639
3380,23,6038
3381,3891,9906
3382,5770,11785
3383,5191,11206
3384,2518,8533
3385,3337,9352
3386,3365,9380
3387,715,6730
3388,3073,9088
3389,1616,7631
3390,3989,10004
3391,5845,11860
3392,5626,11641
3393,4667,10682
3394,4986,11001
3395,2260,8275
3396,4687,10702
3397,5726,11741
3398,4531,10546
3399,2757,8772
3400,3583,9598
3401,2278,8293
3402,4447,10462
3403,1157,7172
3404,4900,10915
3405,1332,7347
3406,1926,7941
3407,1546,7561
3408,5567,11582
3409,3637,9652
3410,2158,8173
3411,1970,7985
3412,3897,9912
3413,485,6500
3414,2698,8713
3415,1914,7929
3416,4241,10256
3417,106,6121
3418,213,6228
3419,2186,8201
3420,2464,8479
3421,2824,8839
3422,742,6757
3423,4511,10526
3424,263,6278
3425,1722,7737
3426,2153,8168
3427,3499,9514
3428,5206,11221
3429,1010,7025
3430,5295,11310
3431,5843,11858
3432,1602,7617
3433,4103,10118
3434,4685,10700
3435,3080,9095
3436,1892,7907
3437,4682,10697
3438,2275,8290
3439,5345,11360
3440,2628,8643
3441,5135,11150
3442,3755,9770
3443,5285,11300
3444,799,6814
3445,1687,7702
3446,1756,7771
3447,3646,9661
3448,5545,11560
3449,2049,8064
3450,5836,11851
3451,4424,10439
3452,300,6315
3453,1993,8008
3454,5114,11129
3455,3608,9623
3456,2513,8528
3457,4151,10166
3458,4939,10954
3459,3548,9563
3460,3474,9489
3461,2658,8673
3462,4012,10027
3463,1490,7505
3464,602,6617
3465,2622,8637
3466,2586,8601
3467,2764,8779
3468,5370,11385
3469,2505,8520
3470,4548,10563
3471,751,6766
3472,5210,11225
3473,2480,8495
3474,4269,10284
3475,2138,8153
3476,775,6790
3477,5064,11079
3478,5811,11826
3479,3941,9956
3480,4428,10443
3481,3979,9994
3482,1120,7135
3483,2389,8404
3484,2358,8373
3485,3182,9197
3486,2176,8191
3487,355,6370
3488,2462,8477
3489,3212,9227
3490,5612,11627
3491,4041,10056
3492,4163,10178
3493,1444,7459
3494,1515,7530
3495,5185,11200
3496,203,6218
3497,5721,11736
3498,1088,7103
3499,4399,10414
3500,4145,10160
3501,2725,8740
3502,4863,10878
3503,616,6631
3504,4901,10916
3505,3389,9404
3506,4835,10850
3507,599,6614
3508,4267,10282
3509,1591,7606
3510,4381,10396
3511,1255,7270
3512,5915,11930
3513,5875,11890
3514,343,6358
3515,4390,10405
3516,4027,10042
3517,434,6449
3518,5389,11404
3519,1347,7362
3520,3679,9694
3521,5287,11302
3522,4484,10499
3523,5688,11703
3524,5157,11172
3525,5861,11876
3526,866,6881
3527,3007,9022
3528,1265,7280
3529,4189,10204
3530,5390,11405
3531,2214,8229
3532,2969,8984
3533,440,6455
3534,3710,9725
3535,556,6571
3536,1446,7461
3537,730,6745
3538,2918,8933
3539,306,6321
3540,5363,11378
3541,5697,11712
3542,1466,7481
3543,895,6910
3544,3206,9221
3545,5702,11717
3546,5289,11304
3547,2129,8144
3548,1462,7477
3549,5461,11476
3550,4663,10678
3551,3867,9882
3552,4497,10512
3553,1189,7204
3554,645,6660
3555,748,6763
3556,5579,11594
3557,4011,10026
3558,4776,10791
3559,2289,8304
3560,1418,7433
3561,3276,9291
3562,5963,11978
3563,4697,10712
3564,2381,8396
3565,2255,8270
3566,2329,8344
3567,2474,8489
3568,3489,9504
3569,274,6289
3570,5091,11106
3571,1656,7671
3572,5516,11531
3573,2668,8683
3574,5482,11497
3575,5156,11171
3576,3920,9935
3577,3848,9863
3578,5950,11965
3579,5315,11330
3580,1774,7789
3581,5817,11832
3582,1933,7948
3583,99,6114
3584,3915,9930
3585,5565,11580
3586,101,6116
3587,4004,10019
3588,4729,10744
3589,2445,8460
3590,5109,11124
3591,1563,7578
3592,1216,7231
3593,2859,8874
3594,3990,10005
3595,2122,8137
3596,5414,11429
3597,45,6060
3598,1399,7414
3599,677,6692
3600,3484,9499
3601,1614,7629
3602,1090,7105
3603,3531,9546
3604,2818,8833
3605,3431,9446
3606,4396,10411
3607,5147,11162
3608,5829,11844
3609,4172,10187
3610,3460,9475
3611,1848,7863
3612,3468,9483
3613,1068,7083
3614,5878,11893
3615,3633,9648
3616,3278,9293
3617,4383,10398
3618,3327,9342
3619,130,6145
3620,1531,7546
3621,2079,8094
3622,5126,11141
3623,2833,8848
3624,1575,7590
3625,1072,7087
3626,5585,11600
3627,1126,7141
3628,4346,10361
3629,5092,11107
3630,5731,11746
3631,1296,7311
3632,5204,11219
3633,5668,11683
3634,5387,11402
3635,4831,10846
3636,5407,11422
3637,2876,8891
3638,2143,8158
3639,5887,11902
3640,4827,10842
3641,4803,10818
3642,4766,10781
3643,5588,11603
3644,4276,10291
3645,1345,7360
3646,1590,7605
3647,563,6578
3648,4437,10452
3649,5947,11962
3650,1580,7595
3651,3309,9324
3652,1989,8004
3653,2229,8244
3654,3794,9809
3655,1003,7018
3656,5519,11534
3657,5569,11584
3658,2687,8702
3659,2619,8634
3660,3816,9831
3661,47,6062
3662,3841,9856
3663,1181,7196
3664,1140,7155
3665,1151,7166
3666,1464,7479
3667,356,6371
3668,2943,8958
3669,2595,8610
3670,5087,11102
3671,1356,7371
3672,1254,7269
3673,5074,11089
3674,494,6509
3675,4454,10469
3676,4963,10978
3677,4493,10508
3678,2287,8302
3679,5543,11558
3680,4398,10413
3681,2376,8391
3682,152,6167
3683,5909,11924
3684,363,6378
3685,243,6258
3686,3582,9597
3687,994,7009
3688,137,6152
3689,4668,10683
3690,4420,10435
3691,2327,8342
3692,4154,10169
3693,3333,9348
3694,3307,9322
3695,3095,9110
3696,4466,10481
3697,188,6203
3698,5492,11507
3699,1348,7363
3700,657,6672
3701,5943,11958
3702,4564,10579
3703,5596,11611
3704,2924,8939
3705,4455,10470
3706,1511,7526
3707,1185,7200
3708,636,6651
3709,293,6308
3710,3480,9495
3711,308,6323
3712,1847,7862
3713,2944,8959
3714,107,6122
3715,5945,11960
3716,5635,11650
3717,1765,7780
3718,2163,8178
3719,5247,11262
3720,3557,9572
3721,4307,10322
3722,627,6642
3723,2291,8306
3724,3624,9639
3725,5722,11737
3726,2938,8953
3727,3641,9656
3728,2761,8776
3729,5,6020
3730,5469,11484
3731,365,6380
3732,1942,7957
3733,5394,11409
3734,1117,7132
3735,5349,11364
3736,3602,9617
3737,3111,9126
3738,1110,7125
3739,3496,9511
3740,5325,11340
3741,5553,11568
3742,3263,9278
3743,4317,10332
3744,5015,11030
3745,1799,7814
3746,4612,10627
3747,3825,9840
3748,3792,9807
3749,2395,8410
3750,4196,10211
3751,2565,8580
3752,5261,11276
3753,378,6393
3754,5991,12006
3755,1977,7992
3756,113,6128
3757,3896,9911
3758,2234,8249
3759,1043,7058
3760,3461,9476
3761,3464,9479
3762,5841,11856
3763,1101,7116
3764,813,6828
3765,3395,9410
3766,384,6399
3767,4161,10176
3768,2793,8808
3769,1210,7225
3770,4406,10421
3771,228,6243
3772,4761,10776
3773,618,6633
3774,2555,8570
3775,4069,10084
3776,329,6344
3777,4843,10858
3778,3265,9280
3779,5560,11575
3780,2413,8428
3781,5304,11319
3782,5001,11016
3783,1364,7379
3784,881,6896
3785,2900,8915
3786,5752,11767
3787,1250,7265
3788,4032,10047
3789,3087,9102
3790,2740,8755
3791,4481,10496
3792,431,6446
3793,3688,9703
3794,4100,10115
3795,942,6957
3796,3874,9889
3797,3412,9427
3798,5517,11532
3799,1766,7781
3800,2060,8075
3801,2090,8105
3802,2009,8024
3803,5723,11738
3804,2156,8171
3805,1358,7373
3806,4644,10659
3807,3856,9871
3808,955,6970
3809,892,6907
3810,1006,7021
3811,1057,7072
3812,3428,9443
3813,2033,8048
3814,1297,7312
3815,1920,7935
3816,3241,9256
3817,4760,10775
3818,3757,9772
3819,5765,11780
3820,3250,9265
3821,6001,12016
3822,4405,10420
3823,4187,10202
3824,5919,11934
3825,3004,9019
3826,4583,10598
3827,4451,10466
3828,3707,9722
3829,2881,8896
3830,4534,10549
3831,2704,8719
3832,5639,11654
3833,4777,10792
3834,1435,7450
3835,2964,8979
3836,2461,8476
3837,2663,8678
3838,4343,10358
3839,357,6372
3840,5968,11983
3841,1528,7543
3842,4016,10031
3843,1576,7591
3844,1537,7552
3845,2313,8328
3846,3429,9444
3847,3228,9243
3848,1615,7630
3849,4603,10618
3850,3306,9321
3851,2759,8774
3852,2844,8859
3853,5710,11725
3854,3065,9080
3855,1209,7224
3856,3824,9839
3857,3272,9287
3858,629,6644
3859,1676,7691
3860,3466,9481
3861,4645,10660
3862,2652,8667
3863,3177,9192
3864,4795,10810
3865,5174,11189
3866,2551,8566
3867,4518,10533
3868,1013,7028
3869,1217,7232
3870,4388,10403
3871,893,6908
3872,181,6196
3873,2100,8115
3874,3207,9222
3875,1047,7062
3876,3885,9900
3877,4711,10726
3878,2087,8102
3879,3930,9945
3880,1247,7262
3881,2855,8870
3882,1987,8002
3883,4737,10752
3884,4430,10445
3885,4894,10909
3886,2645,8660
3887,1506,7521
3888,1261,7276
3889,1836,7851
3890,770,6785
3891,587,6602
3892,2121,8136
3893,5604,11619
3894,1419,7434
3895,1999,8014
3896,4124,10139
3897,3211,9226
3898,886,6901
3899,2780,8795
3900,553,6568
3901,3603,9618
3902,4692,10707
3903,41,6056
3904,1190,7205
3905,1240,7255
3906,1709,7724
3907,2744,8759
3908,797,6812
3909,2576,8591
3910,2615,8630
3911,2783,8798
3912,5154,11169
3913,1300,7315
3914,3814,9829
3915,242,6257
3916,3845,9860
3917,4496,10511
3918,839,6854
3919,2206,8221
3920,4762,10777
3921,3695,9710
3922,4348,10363
3923,5296,11311
3924,3253,9268
3925,3164,9179
3926,2491,8506
3927,3040,9055
3928,5901,11916
3929,785,6800
3930,5323,11338
3931,4155,10170
3932,3066,9081
3933,5932,11947
3934,2162,8177
3935,3981,9996
3936,5292,11307
3937,945,6960
3938,5871,11886
3939,1500,7515
3940,798,6813
3941,3293,9308
3942,3854,9869
3943,4649,10664
3944,1268,7283
3945,4422,10437
3946,3494,9509
3947,4758,10773
3948,3782,9797
3949,3593,9608
3950,1561,7576
3951,3062,9077
3952,5645,11660
3953,707,6722
3954,2,6017
3955,2899,8914
3956,2599,8614
3957,3194,9209
3958,4089,10104
3959,1657,7672
3960,1480,7495
3961,554,6569
3962,1562,7577
3963,2449,8464
3964,1193,7208
3965,292,6307
3966,57,6072
3967,4845,10860
3968,5627,11642
3969,402,6417
3970,2423,8438
3971,2092,8107
3972,3283,9298
3973,5227,11242
3974,5500,11515
3975,2336,8351
3976,1491,7506
3977,1086,7101
3978,2315,8330
3979,307,6322
3980,1533,7548
3981,2203,8218
3982,2225,8240
3983,4920,10935
3984,5069,11084
3985,1639,7654
3986,5940,11955
3987,5477,11492
3988,3923,9938
3989,4356,10371
3990,3846,9861
3991,5755,11770
3992,2545,8560
3993,3191,9206
3994,2441,8456
3995,1187,7202
3996,4195,10210
3997,3115,9130
3998,1582,7597
3999,70,6085
4000,4575,10590
4001,4294,10309
4002,345,6360
4003,4735,10750
4004,1257,7272
4005,1352,7367
4006,5693,11708
4007,5966,11981
4008,3100,9115
4009,3676,9691
4010,5813,11828
4011,590,6605
4012,2709,8724
4013,2996,9011
4014,2643,8658
4015,5267,11282
4016,5368,11383
4017,5011,11026
4018,1652,7667
4019,3204,9219
4020,1354,7369
4021,1409,7424
4022,5426,11441
4023,1703,7718
4024,1249,7264
4025,5598,11613
4026,4256,10271
4027,3221,9236
4028,5905,11920
4029,2916,8931
4030,1004,7019
4031,5088,11103
4032,3009,9024
4033,4029,10044
4034,3634,9649
4035,264,6279
4036,1875,7890
4037,3458,9473
4038,5195,11210
4039,2088,8103
4040,3112,9127
4041,3091,9106
4042,2478,8493
4043,1782,7797
4044,3967,9982
4045,795,6810
4046,5072,11087
4047,3742,9757
4048,5454,11469
4049,4789,10804
4050,1832,7847
4051,2292,8307
4052,2835,8850
4053,2603,8618
4054,1056,7071
4055,2019,8034
4056,5810,11825
4057,856,6871
4058,4316,10331
4059,943,6958
4060,163,6178
4061,3909,9924
4062,1965,7980
4063,827,6842
4064,3746,9761
4065,4899,10914
4066,3492,9507
4067,5525,11540
4068,4309,10324
4069,1835,7850
4070,4868,10883
4071,2587,8602
4072,5683,11698
4073,3528,9543
4074,595,6610
4075,4298,10313
4076,1136,7151
4077,847,6862
4078,154,6169
4079,484,6499
4080,2232,8247
4081,888,6903
4082,5823,11838
4083,4352,10367
4084,871,6886
4085,2320,8335
4086,253,6268
4087,2784,8799
4088,5603,11618
4089,1953,7968
4090,3102,9117
4091,4643,10658
4092,5906,11921
4093,1804,7819
4094,2933,8948
4095,3340,9355
4096,3381,9396
4097,548,6563
4098,2957,8972
4099,3166,9181
4100,1114,7129
4101,4890,10905
4102,5884,11899
4103,301,6316
4104,269,6284
4105,5847,11862
4106,2371,8386
4107,1850,7865
4108,5930,11945
4109,4671,10686
4110,4465,10480
4111,1014,7029
4112,2637,8652
4113,5509,11524
4114,4236,10251
4115,4457,10472
4116,938,6953
4117,1236,7251
4118,3653,9668
4119,18,6033
4120,623,6638
4121,803,6818
4122,3955,9970
4123,2862,8877
4124,316,6331
4125,1913,7928
4126,5862,11877
4127,3944,9959
4128,2338,8353
4129,3571,9586
4130,4736,10751
4131,4357,10372
4132,3889,9904
4133,5201,11216
4134,2056,8071
4135,843,6858
4136,3628,9643
4137,5013,11028
4138,3175,9190
4139,5659,11674
4140,4170,10185
4141,1794,7809
4142,4273,10288
4143,570,6585
4144,1912,7927
4145,4787,10802
4146,5510,11525
4147,977,6992
4148,1045,7060
4149,5673,11688
4150,3803,9818
4151,5422,11437
4152,1859,7874
4153,4547,10562
4154,3724,9739
4155,2164,8179
4156,913,6928
4157,2574,8589
4158,12,6027
4159,283,6298
4160,2235,8250
4161,4005,10020
4162,1931,7946
4163,2183,8198
4164,4476,10491
4165,2025,8040
4166,820,6835
4167,5190,11205
4168,105,6120
4169,95,6110
4170,1403,7418
4171,4450,10465
4172,2827,8842
4173,5070,11085
4174,3070,9085
4175,2868,8883
4176,1887,7902
4177,3627,9642
4178,2346,8361
4179,3258,9273
4180,3663,9678
4181,2026,8041
4182,3991,10006
4183,5983,11998
4184,2745,8760
4185,4607,10622
4186,3917,9932
4187,4,6019
4188,907,6922
4189,2157,8172
4190,4982,10997
4191,5081,11096
4192,5497,11512
4193,4740,10755
4194,2729,8744
4195,810,6825
4196,149,6164
4197,5758,11773
4198,5904,11919
4199,2080,8095
4200,1263,7278
4201,961,6976
4202,3487,9502
4203,3756,9771
4204,5580,11595
4205,896,6911
4206,63,6078
4207,2662,8677
4208,3995,10010
4209,3339,9354
4210,1780,7795
4211,2105,8120
4212,5403,11418
4213,1351,7366
4214,2905,8920
4215,3852,9867
4216,2288,8303
4217,1434,7449
4218,449,6464
4219,4035,10050
4220,2960,8975
4221,5536,11551
4222,4650,10665
4223,2451,8466
4224,2499,8514
4225,761,6776
4226,2700,8715
4227,1245,7260
4228,2810,8825
4229,3392,9407
4230,2091,8106
4231,2169,8184
4232,1718,7733
4233,2699,8714
4234,5942,11957
4235,4253,10268
4236,5779,11794
4237,1601,7616
4238,1496,7511
4239,6004,12019
4240,4258,10273
4241,4799,10814
4242,448,6463
4243,1223,7238
4244,4974,10989
4245,4544,10559
4246,3888,9903
4247,4377,10392
4248,632,6647
4249,3787,9802
4250,142,6157
4251,5238,11253
4252,2610,8625
4253,5969,11984
4254,4113,10128
4255,0,6015
4256,2015,8030
4257,3285,9300
4258,5217,11232
4259,5076,11091
4260,777,6792
4261,4433,10448
4262,1099,7114
4263,1954,7969
4264,2990,9005
4265,3394,9409
4266,1115,7130
4267,2517,8532
4268,5676,11691
4269,2528,8543
4270,2786,8801
4271,1701,7716
4272,639,6654
4273,4896,10911
4274,819,6834
4275,5481,11496
4276,4226,10241
4277,3248,9263
4278,5769,11784
4279,4082,10097
4280,3818,9833
4281,5406,11421
4282,348,6363
4283,4675,10690
4284,3368,9383
4285,2337,8352
4286,2660,8675
4287,2842,8857
4288,5892,11907
4289,339,6354
4290,5737,11752
4291,3008,9023
4292,4361,10376
4293,3420,9435
4294,3881,9896
4295,3702,9717
4296,2813,8828
4297,2888,8903
4298,3567,9582
4299,1174,7189
4300,4326,10341
4301,1520,7535
4302,4828,10843
4303,2274,8289
4304,966,6981
4305,2334,8349
4306,5874,11889
4307,5041,11056
4308,5023,11038
4309,1719,7734
4310,1370,7385
4311,185,6200
4312,5181,11196
4313,1233,7248
4314,2863,8878
4315,1396,7411
4316,5651,11666
4317,5891,11906
4318,1031,7046
4319,5186,11201
4320,5476,11491
4321,136,6151
4322,1375,7390
4323,5608,11623
4324,5224,11239
4325,3675,9690
4326,3893,9908
4327,4344,10359
4328,5927,11942
4329,2300,8315
4330,3156,9171
4331,5308,11323
4332,1196,7211
4333,1949,7964
4334,1049,7064
4335,836,6851
4336,4654,10669
4337,5431,11446
4338,219,6234
4339,35,6050
4340,444,6459
4341,4044,10059
4342,5367,11382
4343,5057,11072
4344,3948,9963
4345,4448,10463
4346,4969,10984
4347,4733,10748
4348,4171,10186
4349,1852,7867
4350,5043,11058
4351,158,6173
4352,4366,10381
4353,1648,7663
4354,5703,11718
4355,4748,10763
4356,5089,11104
4357,3061,9076
4358,5226,11241
4359,4278,10293
4360,641,6656
4361,3192,9207
4362,763,6778
4363,5531,11546
4364,1752,7767
4365,2979,8994
4366,3977,9992
4367,3820,9835
4368,2550,8565
4369,4771,10786
4370,2011,8026
4371,3657,9672
4372,2898,8913
4373,3600,9615
4374,2945,8960
4375,4135,10150
4376,1679,7694
4377,4200,10215
4378,523,6538
4379,4159,10174
4380,3769,9784
4381,3162,9177
4382,4318,10333
4383,2207,8222
4384,1600,7615
4385,1751,7766
4386,3693,9708
4387,1613,7628
4388,4002,10017
4389,5967,11982
4390,1495,7510
4391,2200,8215
4392,1451,7466
4393,4345,10360
4394,147,6162
4395,1470,7485
4396,3807,9822
4397,4117,10132
4398,2418,8433
4399,3414,9429
4400,1702,7717
4401,3643,9658
4402,2391,8406
4403,2579,8594
4404,2189,8204
4405,5405,11420
4406,3774,9789
4407,4006,10021
4408,4914,10929
4409,4874,10889
4410,5128,11143
4411,2567,8582
4412,2130,8145
4413,5715,11730
4414,4306,10321
4415,5494,11509
4416,2524,8539
4417,3358,9373
4418,4614,10629
4419,2541,8556
4420,5068,11083
4421,1259,7274
4422,2325,8340
4423,3119,9134
4424,349,6364
4425,5487,11502
4426,261,6276
4427,3850,9865
4428,1675,7690
4429,5468,11483
4430,2347,8362
4431,3269,9284
4432,1309,7324
4433,2841,8856
4434,3632,9647
4435,424,6439
4436,2111,8126
4437,4445,10460
4438,3651,9666
4439,5396,11411
4440,5679,11694
4441,4482,10497
4442,4491,10506
4443,3749,9764
4444,5554,11569
4445,118,6133
4446,1700,7715
4447,5264,11279
4448,5231,11246
4449,1555,7570
4450,2402,8417
4451,568,6583
4452,3037,9052
4453,3965,9980
4454,5491,11506
4455,1968,7983
4456,2432,8447
4457,4247,10262
4458,2611,8626
4459,1824,7839
4460,4441,10456
4461,653,6668
4462,2895,8910
4463,4374,10389
4464,5990,12005
4465,1011,7026
4466,48,6063
4467,5649,11664
4468,1710,7725
4469,3448,9463
4470,1017,7032
4471,44,6059
4472,1034,7049
4473,969,6984
4474,5900,11915
4475,4749,10764
4476,3652,9667
4477,4955,10970
4478,4153,10168
4479,1020,7035
4480,2312,8327
4481,5624,11639
4482,4459,10474
4483,561,6576
4484,2989,9004
4485,1429,7444
4486,1035,7050
4487,394,6409
4488,2982,8997
4489,3338,9353
4490,2380,8395
4491,1052,7067
4492,2947,8962
4493,11,6026
4494,3534,9549
4495,2998,9013
4496,5358,11373
4497,2869,8884
4498,5475,11490
4499,2069,8084
4500,178,6193
4501,4646,10661
4502,132,6147
4503,5102,11117
4504,3566,9581
4505,4598,10613
4506,661,6676
4507,13,6028
4508,3927,9942
4509,166,6181
4510,2440,8455
4511,4204,10219
4512,1391,7406
4513,31,6046
4514,3354,9369
4515,1680,7695
4516,2211,8226
4517,4847,10862
4518,4846,10861
4519,1661,7676
4520,917,6932
4521,4175,10190
4522,1060,7075
4523,2311,8326
4524,5471,11486
4525,2226,8241
4526,2265,8280
4527,155,6170
4528,4301,10316
4529,4243,10258
4530,1646,7661
4531,501,6516
4532,2469,8484
4533,3592,9607
4534,1986,8001
4535,1385,7400
4536,3419,9434
4537,4227,10242
4538,2131,8146
4539,4186,10201
4540,2304,8319
4541,4350,10365
4542,2126,8141
4543,4551,10566
4544,1823,7838
4545,289,6304
4546,1607,7622
4547,4474,10489
4548,204,6219
4549,3427,9442
4550,894,6909
4551,4062,10077
4552,2286,8301
4553,3726,9741
4554,347,6362
4555,780,6795
4556,2190,8205
4557,4806,10821
4558,3180,9195
4559,5084,11099
4560,1346,7361
4561,3126,9141
4562,3934,9949
4563,1884,7899
4564,3485,9500
4565,635,6650
4566,4536,10551
4567,2425,8440
4568,5584,11599
4569,5917,11932
4570,295,6310
4571,54,6069
4572,1996,8011
4573,5750,11765
4574,3587,9602
4575,2923,8938
4576,3987,10002
4577,1704,7719
4578,2335,8350
4579,1412,7427
4580,5410,11425
4581,3329,9344
4582,1886,7901
4583,1471,7486
4584,2692,8707
4585,5616,11631
4586,2706,8721
4587,2612,8627
4588,6013,12028
4589,2820,8835
4590,220,6235
4591,251,6266
4592,792,6807
4593,3495,9510
4594,2431,8446
4595,26,6041
4596,2435,8450
4597,559,6574
4598,1523,7538
4599,2081,8096
4600,3968,9983
4601,487,6502
4602,2749,8764
4603,5093,11108
4604,5225,11240
4605,5890,11905
4606,5313,11328
4607,1333,7348
4608,1311,7326
4609,5153,11168
4610,5529,11544
4611,2854,8869
4612,421,6436
4613,3301,9316
4614,222,6237
4615,596,6611
4616,1329,7344
4617,4408,10423
4618,4770,10785
4619,1770,7785
4620,5303,11318
4621,2113,8128
4622,931,6946
4623,1331,7346
4624,2199,8214
4625,998,7013
4626,4470,10485
4627,364,6379
4628,5824,11839
4629,4102,10117
4630,1213,7228
4631,2135,8150
4632,692,6707
4633,4594,10609
4634,5018,11033
4635,1155,7170
4636,741,6756
4637,628,6643
4638,1289,7304
4639,5424,11439
4640,489,6504
4641,5754,11769
4642,1820,7835
4643,5029,11044
4644,4669,10684
4645,5051,11066
4646,3110,9125
4647,4270,10285
4648,2908,8923
4649,1978,7993
4650,4932,10947
4651,2892,8907
4652,3533,9548
4653,3245,9260
4654,305,6320
4655,1943,7958
4656,2650,8665
4657,3732,9747
4658,1239,7254
4659,3954,9969
4660,646,6661
4661,3625,9640
4662,3284,9299
4663,5809,11824
4664,4554,10569
4665,1160,7175
4666,5165,11180
4667,1183,7198
4668,2680,8695
4669,1277,7292
4670,1815,7830
4671,5250,11265
4672,3193,9208
4673,5427,11442
4674,5851,11866
4675,4141,10156
4676,4228,10243
4677,640,6655
4678,1132,7147
4679,3572,9587
4680,5513,11528
4681,620,6635
4682,1144,7159
4683,3620,9635
4684,482,6497
4685,5143,11158
4686,303,6318
4687,2233,8248
4688,3459,9474
4689,2772,8787
4690,5178,11193
4691,4385,10400
4692,423,6438
4693,5259,11274
4694,2795,8810
4695,226,6241
4696,3440,9455
4697,4696,10711
4698,674,6689
4699,1218,7233
4700,4105,10120
4701,2578,8593
4702,3069,9084
4703,5775,11790
4704,3025,9040
4705,683,6698
4706,1489,7504
4707,5171,11186
4708,3130,9145
4709,5483,11498
4710,491,6506
4711,5434,11449
4712,1869,7884
4713,5975,11990
4714,3866,9881
4715,1392,7407
4716,425,6440
4717,4829,10844
4718,2988,9003
4719,4337,10352
4720,5113,11128
4721,3220,9235
4722,904,6919
4723,4148,10163
4724,4608,10623
4725,5485,11500
4726,3516,9531
4727,5331,11346
4728,2642,8657
4729,3292,9307
4730,1695,7710
4731,477,6492
4732,1036,7051
4733,3795,9810
4734,1846,7861
4735,2466,8481
4736,323,6338
4737,4889,10904
4738,1134,7149
4739,4971,10986
4740,1567,7582
4741,5170,11185
4742,5458,11473
4743,1795,7810
4744,1328,7343
4745,1921,7936
4746,4059,10074
4747,3298,9313
4748,108,6123
4749,271,6286
4750,5443,11458
4751,1102,7117
4752,2075,8090
4753,187,6202
4754,1960,7975
4755,3249,9264
4756,3006,9021
4757,5866,11881
4758,5570,11585
4759,519,6534
4760,5831,11846
4761,4730,10745
4762,2785,8800
4763,1065,7080
4764,4403,10418
4765,2120,8135
4766,4553,10568
4767,6014,12029
4768,2614,8629
4769,3545,9560
4770,4947,10962
4771,2193,8208
4772,2426,8441
4773,3898,9913
4774,926,6941
4775,2450,8465
4776,3892,9907
4777,688,6703
4778,2258,8273
4779,5996,12011
4780,3227,9242
4781,3502,9517
4782,3826,9841
4783,3759,9774
4784,4382,10397
4785,5957,11972
4786,4815,10830
4787,1518,7533
4788,2375,8390
4789,1441,7456
4790,1401,7416
4791,1972,7987
4792,56,6071
4793,5198,11213
4794,4718,10733
4795,4206,10221
4796,5036,11051
4797,393,6408
4798,2934,8949
4799,350,6365
4800,2340,8355
4801,4962,10977
4802,2046,8061
4803,2134,8149
4804,3141,9156
4805,5526,11541
4806,3868,9883
4807,3103,9118
4808,1197,7212
4809,1182,7197
4810,3723,9738
4811,276,6291
4812,3823,9838
4813,2847,8862
4814,4332,10347
4815,464,6479
4816,1981,7996
4817,3350,9365
4818,1918,7933
4819,346,6361
4820,3044,9059
4821,2223,8238
4822,4637,10652
4823,1475,7490
4824,1179,7194
4825,1988,8003
4826,3057,9072
4827,3076,9091
4828,273,6288
4829,808,6823
4830,4128,10143
4831,3366,9381
4832,3890,9905
4833,5999,12014
4834,5949,11964
4835,1882,7897
4836,1585,7600
4837,5924,11939
4838,3257,9272
4839,2406,8421
4840,4887,10902
4841,5740,11755
4842,5746,11761
4843,24,6039
4844,603,6618
4845,5300,11315
4846,3714,9729
4847,984,6999
4848,2604,8619
4849,2217,8232
4850,1814,7829
4851,667,6682
4852,351,6366
4853,5318,11333
4854,801,6816
4855,5807,11822
4856,1732,7747
4857,3753,9768
4858,3224,9239
4859,5237,11252
4860,3235,9250
4861,5297,11312
4862,530,6545
4863,4655,10670
4864,1995,8010
4865,1900,7915
4866,3806,9821
4867,3913,9928
4868,4335,10350
4869,4160,10175
4870,1150,7165
4871,3219,9234
4872,398,6413
4873,5873,11888
4874,5734,11749
4875,4275,10290
4876,138,6153
4877,377,6392
4878,5055,11070
4879,1393,7408
4880,1147,7162
4881,3187,9202
4882,385,6400
4883,1019,7034
4884,3590,9605
4885,5512,11527
4886,3060,9075
4887,1152,7167
4888,3094,9109
4889,5744,11759
4890,3713,9728
4891,4264,10279
4892,2173,8188
4893,5478,11493
4894,3121,9136
4895,4529,10544
4896,5552,11567
4897,37,6052
4898,255,6270
4899,5959,11974
4900,3765,9780
4901,2148,8163
4902,3853,9868
4903,3423,9438
4904,1070,7085
4905,3980,9995
4906,3288,9303
4907,723,6738
4908,3740,9755
4909,4936,10951
4910,990,7005
4911,2655,8670
4912,1904,7919
4913,304,6319
4914,4266,10281
4915,5923,11938
4916,3983,9998
4917,1624,7639
4918,5301,11316
4919,5952,11967
4920,5388,11403
4921,2814,8829
4922,403,6418
4923,4540,10555
4924,1373,7388
4925,720,6735
4926,3613,9628
4927,5826,11841
4928,3011,9026
4929,5080,11095
4930,2920,8935
4931,2146,8161
4932,2563,8578
4933,5732,11747
4934,1271,7286
4935,788,6803
4936,2094,8109
4937,1051,7066
4938,5066,11081
4939,1662,7677
4940,4838,10853
4941,4051,10066
4942,4873,10888
4943,5503,11518
4944,3744,9759
4945,855,6870
4946,4658,10673
4947,4152,10167
4948,1610,7625
4949,1569,7584
4950,282,6297
4951,94,6109
4952,2816,8831
4953,4464,10479
4954,174,6189
4955,5766,11781
4956,5290,11305
4957,502,6517
4958,3481,9496
4959,2975,8990
4960,1612,7627
4961,4539,10554
4962,2470,8485
4963,2815,8830
4964,3674,9689
4965,3123,9138
4966,4651,10666
4967,237,6252
4968,2877,8892
4969,2674,8689
4970,5045,11060
4971,429,6444
4972,2328,8343
4973,4690,10705
4974,5369,11384
4975,5242,11257
4976,233,6248
4977,1973,7988
4978,658,6673
4979,2367,8382
4980,1737,7752
4981,3810,9825
4982,2001,8016
4983,1208,7223
4984,2950,8965
4985,5120,11135
4986,2202,8217
4987,5912,11927
4988,522,6537
4989,3785,9800
4990,5506,11521
4991,911,6926
4992,4961,10976
4993,3375,9390
4994,3875,9890
4995,569,6584
4996,765,6780
4997,3237,9252
4998,4915,10930
4999,2727,8742
5000,1280,7295
5001,1408,7423
5002,162,6177
5003,5972,11987
5004,2321,8336
5005,783,6798
5006,3274,9289
5007,3317,9332
5008,3626,9641
5009,5573,11588
5010,36,6051
5011,1492,7507
5012,3173,9188
5013,2444,8459
5014,3213,9228
5015,5646,11661
5016,4549,10564
5017,2095,8110
5018,517,6532
5019,3734,9749
5020,267,6282
5021,497,6512
5022,254,6269
5023,1690,7705
5024,1686,7701
5025,5163,11178
5026,804,6819
5027,2544,8559
5028,4188,10203
5029,1786,7801
5030,4224,10239
5031,5886,11901
5032,2852,8867
5033,3299,9314
5034,2991,9006
5035,933,6948
5036,2076,8091
5037,1867,7882
5038,1320,7335
5039,2508,8523
5040,1501,7516
5041,4755,10770
5042,2236,8251
5043,2322,8337
5044,996,7011
5045,5046,11061
5046,4909,10924
5047,4552,10567
5048,4223,10238
5049,3529,9544
5050,1097,7112
5051,747,6762
5052,3847,9862
5053,3506,9521
5054,2498,8513
5055,4249,10264
5056,4573,10588
5057,860,6875
5058,1750,7765
5059,5306,11321
5060,5360,11375
5061,4944,10959
5062,2682,8697
5063,353,6368
5064,4691,10706
5065,4018,10033
5066,5907,11922
5067,919,6934
5068,5820,11835
5069,3779,9794
5070,1539,7554
5071,2493,8508
5072,2568,8583
5073,4616,10631
5074,3452,9467
5075,5830,11845
5076,1634,7649
5077,1107,7122
5078,4460,10475
5079,4075,10090
5080,2006,8021
5081,53,6068
5082,1220,7235
5083,3973,9988
5084,1560,7575
5085,325,6340
5086,5981,11996
5087,4164,10179
5088,4923,10938
5089,718,6733
5090,5922,11937
5091,5528,11543
5092,1629,7644
5093,5408,11423
5094,2277,8292
5095,4384,10399
5096,5735,11750
5097,4108,10123
5098,5283,11298
5099,1458,7473
5100,727,6742
5101,3665,9680
5102,3966,9981
5103,2256,8271
5104,6006,12021
5105,5425,11440
5106,5100,11115
5107,5678,11693
5108,1241,7256
5109,566,6581
5110,947,6962
5111,3324,9339
5112,5375,11390
5113,2054,8069
5114,3214,9229
5115,2728,8743
5116,1994,8009
5117,2531,8546
5118,5334,11349
5119,5618,11633
5120,3943,9958
5121,2760,8775
5122,1372,7387
5123,1621,7636
5124,4234,10249
5125,3055,9070
5126,1098,7113
5127,1394,7409
5128,2907,8922
5129,218,6233
5130,3049,9064
5131,5035,11050
5132,192,6207
5133,5294,11309
5134,4967,10982
5135,2356,8371
5136,3772,9787
5137,2522,8537
5138,3319,9334
5139,4203,10218
5140,3970,9985
5141,3773,9788
5142,4686,10701
5143,2846,8861
5144,1204,7219
5145,1922,7937
5146,649,6664
5147,4364,10379
5148,2999,9014
5149,1660,7675
5150,880,6895
5151,4421,10436
5152,3544,9559
5153,793,6808
5154,2216,8231
5155,1058,7073
5156,5684,11699
5157,5462,11477
5158,5832,11847
5159,4562,10577
5160,1069,7084
5161,2386,8401
5162,1121,7136
5163,5215,11230
5164,2602,8617
5165,1387,7402
5166,5438,11453
5167,2397,8412
5168,4231,10246
5169,5621,11636
5170,1668,7683
5171,2044,8059
5172,1443,7458
5173,191,6206
5174,1958,7973
5175,3821,9836
5176,3200,9215
5177,3478,9493
5178,3510,9525
5179,471,6486
5180,4966,10981
5181,953,6968
5182,850,6865
5183,877,6892
5184,958,6973
5185,3565,9580
5186,2377,8392
5187,2142,8157
5188,5336,11351
5189,1655,7670
5190,4045,10060
5191,2738,8753
5192,528,6543
5193,1641,7656
5194,1103,7118
5195,3267,9282
5196,2753,8768
5197,5413,11428
5198,2927,8942
5199,825,6840
5200,2465,8480
5201,2251,8266
5202,828,6843
5203,4832,10847
5204,5381,11396
5205,4720,10735
5206,435,6450
5207,3736,9751
5208,1433,7448
5209,2259,8274
5210,4401,10416
5211,4125,10140
5212,2510,8525
5213,5508,11523
5214,3090,9105
5215,404,6419
5216,733,6748
5217,3895,9910
5218,2926,8941
5219,4756,10771
5220,2702,8717
5221,5551,11566
5222,1142,7157
5223,5307,11322
5224,2963,8978
5225,3225,9240
5226,1512,7527
5227,4774,10789
5228,582,6597
5229,2838,8853
5230,5928,11943
5231,1659,7674
5232,3561,9576
5233,1080,7095
5234,8,6023
5235,2373,8388
5236,5504,11519
5237,109,6124
5238,3837,9852
5239,430,6445
5240,2490,8505
5241,5383,11398
5242,3543,9558
5243,1383,7398
5244,2125,8140
5245,4140,10155
5246,2853,8868
5247,438,6453
5248,1577,7592
5249,4250,10265
5250,526,6541
5251,5605,11620
5252,4956,10971
5253,2029,8044
5254,5310,11325
5255,3476,9491
5256,239,6254
5257,5899,11914
5258,5197,11212
5259,3198,9213
5260,4252,10267
5261,1028,7043
5262,2986,9001
5263,4994,11009
5264,3107,9122
5265,5133,11148
5266,240,6255
5267,3264,9279
5268,369,6384
5269,360,6375
5270,5882,11897
5271,4862,10877
5272,3101,9116
5273,135,6150
5274,3911,9926
5275,1146,7161
5276,3863,9878
5277,1934,7949
5278,1696,7711
5279,447,6462
5280,3353,9368
5281,5724,11739
5282,3924,9939
5283,275,6290
5284,4859,10874
5285,1876,7891
5286,4674,10689
5287,4869,10884
5288,4804,10819
5289,5417,11432
5290,1658,7673
5291,4138,10153
5292,3689,9704
5293,1021,7036
5294,3650,9665
5295,1955,7970
5296,4592,10607
5297,2141,8156
5298,5362,11377
5299,5730,11745
5300,1050,7065
5301,3871,9886
5302,5594,11609
5303,1406,7421
5304,4679,10694
5305,731,6746
5306,2128,8143
5307,3046,9061
5308,3752,9767
5309,3295,9310
5310,479,6494
5311,5701,11716
5312,3098,9113
5313,2870,8885
5314,849,6864
5315,662,6677
5316,4738,10753
5317,589,6604
5318,3607,9622
5319,520,6535
5320,1604,7619
5321,1285,7300
5322,5019,11034
5323,1834,7849
5324,3648,9663
5325,3903,9918
5326,4468,10483
5327,5228,11243
5328,288,6303
5329,1825,7840
5330,268,6283
5331,4957,10972
5332,5698,11713
5333,3382,9397
5334,995,7010
5335,1145,7160
5336,5419,11434
5337,80,6095
5338,3312,9327
5339,4606,10621
5340,4741,10756
5341,1845,7860
5342,4508,10523
5343,2624,8639
5344,2538,8553
5345,445,6460
5346,3321,9336
5347,4090,10105
5348,5666,11681
5349,4115,10130
5350,460,6475
5351,297,6312
5352,1902,7917
5353,4559,10574
5354,5361,11376
5355,2447,8462
5356,3449,9464
5357,79,6094
5358,1367,7382
5359,2836,8851
5360,442,6457
5361,5236,11251
5362,153,6168
5363,3619,9634
5364,2309,8324
5365,5561,11576
5366,436,6451
5367,4535,10550
5368,3320,9335
5369,4579,10594
5370,2082,8097
5371,4025,10040
5372,1521,7536
5373,5489,11504
5374,4440,10455
5375,5609,11624
5376,2683,8698
5377,3281,9296
5378,5322,11337
5379,4436,10451
5380,4467,10482
5381,389,6404
5382,1728,7743
5383,2172,8187
5384,5335,11350
5385,3407,9422
5386,5448,11463
5387,3658,9673
5388,3199,9214
5389,1519,7534
5390,5470,11485
5391,2987,9002
5392,4591,10606
5393,3511,9526
5394,3311,9326
5395,1606,7621
5396,5805,11820
5397,5539,11554
5398,97,6112
5399,1258,7273
5400,4727,10742
5401,3023,9038
5402,1154,7169
5403,4262,10277
5404,3662,9677
5405,4235,10250
5406,5620,11635
5407,2669,8684
5408,594,6609
5409,3202,9217
5410,3334,9349
5411,247,6262
5412,5729,11744
5413,2732,8747
5414,4505,10520
5415,1246,7261
5416,3684,9699
5417,1797,7812
5418,190,6205
5419,5327,11342
5420,331,6346
5421,5515,11530
5422,5501,11516
5423,4601,10616
5424,3158,9173
5425,4620,10635
5426,2825,8840
5427,5748,11763
5428,2512,8527
5429,5821,11836
5430,3132,9147
5431,4093,10108
5432,3357,9372
5433,5674,11689
5434,4033,10048
5435,4239,10254
5436,4414,10429
5437,2790,8805
5438,3729,9744
5439,3879,9894
5440,1583,7598
5441,2494,8509
5442,3919,9934
5443,4050,10065
5444,5199,11214
5445,2097,8112
5446,4619,10634
5447,4745,10760
5448,778,6793
5449,4891,10906
5450,84,6099
5451,1228,7243
5452,882,6897
5453,4225,10240
5454,3584,9599
5455,5280,11295
5456,1279,7294
5457,212,6227
5458,2457,8472
5459,1963,7978
5460,165,6180
5461,259,6274
5462,791,6806
5463,1763,7778
5464,4931,10946
5465,2430,8445
5466,1426,7441
5467,5896,11911
5468,2276,8291
5469,1595,7610
5470,4300,10315
5471,565,6580
5472,4628,10643
5473,3310,9325
5474,5332,11347
5475,2344,8359
5476,3041,9056
5477,562,6577
5478,2809,8824
5479,2767,8782
5480,4131,10146
5481,5107,11122
5482,100,6115
5483,169,6184
5484,1437,7452
5485,3325,9340
5486,2010,8025
5487,3687,9702
5488,944,6959
5489,4780,10795
5490,2442,8457
5491,1306,7321
5492,4609,10624
5493,64,6079
5494,4063,10078
5495,5456,11471
5496,5179,11194
5497,1755,7770
5498,535,6550
5499,5314,11329
5500,4942,10957
5501,5789,11804
5502,5499,11514
5503,2654,8669
5504,4180,10195
5505,508,6523
5506,2865,8880
5507,2319,8334
5508,1842,7857
5509,5365,11380
5510,915,6930
5511,459,6474
5512,1649,7664
5513,3391,9406
5514,5200,11215
5515,367,6382
5516,2751,8766
5517,2930,8945
5518,1305,7320
5519,1038,7053
5520,1018,7033
5521,1452,7467
5522,1438,7453
5523,2946,8961
5524,2962,8977
5525,2064,8079
5526,3000,9015
5527,1530,7545
5528,3142,9157
5529,4569,10584
5530,2160,8175
5531,422,6437
5532,493,6508
5533,2857,8872
5534,4812,10827
5535,1390,7405
5536,5571,11586
5537,5166,11181
5538,2921,8936
5539,732,6747
5540,4392,10407
5541,3137,9152
5542,4257,10272
5543,2837,8852
5544,2710,8725
5545,951,6966
5546,982,6997
5547,391,6406
5548,689,6704
5549,1759,7774
5550,5138,11153
5551,170,6185
5552,3558,9573
5553,2452,8467
5554,4807,10822
5555,1916,7931
5556,4415,10430
5557,4590,10605
5558,3629,9644
5559,2472,8487
5560,1106,7121
5561,2879,8894
5562,605,6620
5563,4351,10366
5564,678,6693
5565,1767,7782
5566,5136,11151
5567,3556,9571
5568,1532,7547
5569,4260,10275
5570,2305,8320
5571,2204,8219
5572,2180,8195
5573,3860,9875
5574,4625,10640
5575,2741,8756
5576,2600,8615
5577,3719,9734
5578,1432,7447
5579,4848,10863
5580,1841,7856
5581,5773,11788
5582,1302,7317
5583,3096,9111
5584,1234,7249
5585,3364,9379
5586,3912,9927
5587,156,6171
5588,5014,11029
5589,1565,7580
5590,2535,8550
5591,2243,8258
5592,4330,10345
5593,157,6172
5594,4884,10899
5595,4550,10565
5596,584,6599
5597,2606,8621
5598,4950,10965
5599,597,6612
5600,3196,9211
5601,5061,11076
5602,922,6937
5603,3483,9498
5604,1674,7689
5605,4907,10922
5606,3176,9191
5607,3514,9529
5608,1746,7761
5609,5098,11113
5610,2407,8422
5611,2022,8037
5612,5391,11406
5613,704,6719
5614,2928,8943
5615,2546,8561
5616,613,6628
5617,905,6920
5618,5819,11834
5619,5086,11101
5620,216,6231
5621,2721,8736
5622,2724,8739
5623,1671,7686
5624,5111,11126
5625,1730,7745
5626,1449,7464
5627,2598,8613
5628,1638,7653
5629,1504,7519
5630,125,6140
5631,2479,8494
5632,5175,11190
5633,3809,9824
5634,873,6888
5635,248,6263
5636,3470,9485
5637,826,6841
5638,3507,9522
5639,3598,9613
5640,3819,9834
5641,2769,8784
5642,4106,10121
5643,3086,9101
5644,3956,9971
5645,3940,9955
5646,5937,11952
5647,4825,10840
5648,1269,7284
5649,5455,11470
5650,3975,9990
5651,4073,10088
5652,2708,8723
5653,3075,9090
5654,2961,8976
5655,2747,8762
5656,1141,7156
5657,4820,10835
5658,317,6332
5659,3539,9554
5660,3018,9033
5661,3210,9225
5662,3747,9762
5663,3706,9721
5664,1365,7380
5665,2696,8711
5666,1787,7802
5667,5321,11336
5668,1272,7287
5669,309,6324
5670,2770,8785
5671,1632,7647
5672,5719,11734
5673,3804,9819
5674,5961,11976
5675,4816,10831
5676,2635,8650
5677,122,6137
5678,5602,11617
5679,5271,11286
5680,1318,7333
5681,3722,9737
5682,3106,9121
5683,4530,10545
5684,2762,8777
5685,588,6603
5686,2534,8549
5687,3387,9402
5688,2396,8411
5689,699,6714
5690,3715,9730
5691,4693,10708
5692,2737,8752
5693,2549,8564
5694,3864,9879
5695,6010,12025
5696,4898,10913
5697,3716,9731
5698,581,6596
5699,1205,7220
5700,3789,9804
5701,2161,8176
5702,862,6877
5703,4710,10725
5704,2411,8426
5705,1494,7509
5706,1819,7834
5707,1203,7218
5708,5219,11234
5709,1315,7330
5710,4772,10787
5711,1813,7828
5712,3183,9198
5713,1439,7454
5714,4866,10881
5715,2145,8160
5716,2779,8794
5717,2460,8475
5718,4925,10940
5719,3921,9936
5720,3296,9311
5721,2653,8668
5722,5842,11857
5723,327,6342
5724,5309,11324
5725,5523,11538
5726,1073,7088
5727,5493,11508
5728,492,6507
5729,1461,7476
5730,3922,9937
5731,5356,11371
5732,5767,11782
5733,2118,8133
5734,4031,10046
5735,3762,9777
5736,4494,10509
5737,609,6624
5738,2102,8117
5739,1225,7240
5740,525,6540
5741,3982,9997
5742,5119,11134
5743,4824,10839
5744,5578,11593
5745,2580,8595
5746,4773,10788
5747,4173,10188
5748,5951,11966
5749,830,6845
5750,2110,8125
5751,3959,9974
5752,2830,8845
5753,930,6945
5754,4081,10096
5755,1525,7540
5756,754,6769
5757,1094,7109
5758,975,6990
5759,1959,7974
5760,2678,8693
5761,4991,11006
5762,2521,8536
5763,1911,7926
5764,2062,8077
5765,3386,9401
5766,878,6893
5767,4360,10375
5768,312,6327
5769,1749,7764
5770,143,6158
5771,2861,8876
5772,1551,7566
5773,773,6788
5774,5768,11783
5775,3108,9123
5776,5869,11884
5777,3870,9885
5778,4996,11011
5779,3099,9114
5780,4402,10417
5781,2675,8690
5782,2817,8832
5783,4600,10615
5784,1188,7203
5785,1605,7620
5786,5386,11401
5787,2711,8726
5788,1116,7131
5789,2055,8070
5790,3331,9346
5791,5262,11277
5792,5240,11255
5793,4865,10880
5794,5591,11606
5795,3699,9714
5796,2798,8813
5797,5279,11294
5798,3907,9922
5799,5803,11818
5800,4542,10557
5801,2458,8473
5802,4034,10049
5803,173,6188
5804,2308,8323
5805,787,6802
5806,3976,9991
5807,1899,7914
5808,1361,7376
5809,3486,9501
5810,1568,7583
5811,735,6750
5812,5207,11222
5813,3508,9523
5814,2670,8685
5815,5274,11289
5816,2887,8902
5817,5151,11166
5818,5953,11968
5819,5241,11256
5820,1214,7229
5821,5140,11155
5822,5161,11176
5823,5894,11909
5824,4473,10488
5825,1776,7791
5826,3002,9017
5827,33,6048
5828,2978,8993
5829,3883,9898
5830,2310,8325
5831,524,6539
5832,375,6390
5833,3761,9776
5834,2561,8576
5835,4817,10832
5836,1232,7247
5837,2043,8058
5838,5700,11715
5839,1314,7329
5840,4084,10099
5841,3660,9675
5842,2192,8207
5843,4629,10644
5844,1074,7089
5845,5785,11800
5846,1040,7055
5847,728,6743
5848,3808,9823
5849,2166,8181
5850,2884,8899
5851,4999,11014
5852,697,6712
5853,782,6797
5854,410,6425
5855,5446,11461
5856,1344,7359
5857,5460,11475
5858,2067,8082
5859,2028,8043
5860,1282,7297
5861,4026,10041
5862,236,6251
5863,51,6066
5864,3709,9724
5865,2533,8548
5866,5872,11887
5867,3696,9711
5868,1468,7483
5869,870,6885
5870,4112,10127
5871,2341,8356
5872,5420,11435
5873,1753,7768
5874,2885,8900
5875,1897,7912
5876,194,6209
5877,3397,9412
5878,5437,11452
5879,2246,8261
5880,2569,8584
5881,5916,11931
5882,2331,8346
5883,3361,9376
5884,4632,10647
5885,1923,7938
5886,2701,8716
5887,498,6513
5888,5934,11949
5889,4779,10794
5890,2570,8585
5891,5879,11894
5892,2031,8046
5893,5017,11032
5894,700,6715
5895,1442,7457
5896,3812,9827
5897,5685,11700
5898,3760,9775
5899,5818,11833
5900,82,6097
5901,2743,8758
5902,4358,10373
5903,3527,9542
5904,1089,7104
5905,86,6101
5906,2342,8357
5907,3946,9961
5908,3952,9967
5909,3568,9583
5910,2363,8378
5911,1564,7579
5912,470,6485
5913,1828,7843
5914,5816,11831
5915,4844,10859
5916,650,6665
5917,2024,8039
5918,4998,11013
5919,4284,10299
5920,4056,10071
5921,5592,11607
5922,4704,10719
5923,5929,11944
5924,4030,10045
5925,200,6215
5926,960,6975
5927,1148,7163
5928,2890,8905
5929,1324,7339
5930,997,7012
5931,1833,7848
5932,196,6211
5933,4291,10306
5934,5058,11073
5935,4065,10080
5936,5083,11098
5937,3521,9536
5938,2849,8864
5939,5822,11837
5940,5772,11787
5941,1893,7908
5942,912,6927
5943,3455,9470
5944,3623,9638
5945,5445,11460
5946,4341,10356
5947,120,6135
5948,4570,10585
5949,3131,9146
5950,3400,9415
5951,4958,10973
5952,4888,10903
5953,2826,8841
5954,3001,9016
5955,1173,7188
5956,5855,11870
5957,3931,9946
5958,5662,11677
5959,611,6626
5960,644,6659
5961,1357,7372
5962,5546,11561
5963,5540,11555
5964,4255,10270
5965,558,6573
5966,929,6944
5967,5736,11751
5968,1053,7068
5969,3005,9020
5970,5781,11796
5971,4926,10941
5972,3151,9166
5973,676,6691
5974,3118,9133
5975,4917,10932
5976,4796,10811
5977,4841,10856
5978,2754,8769
5979,1885,7900
5980,4047,10062
5981,2326,8341
5982,4046,10061
5983,5305,11320
5984,5806,11821
5985,85,6100
5986,1175,7190
5987,3260,9275
5988,34,6049
5989,4311,10326
5990,1896,7911
5991,638,6653
5992,1244,7259
5993,2716,8731
5994,2537,8552
5995,344,6359
5996,1706,7721
5997,4904,10919
5998,4561,10576
5999,338,6353
6000,738,6753
6001,78,6093
6002,3784,9799
6003,2734,8749
6004,319,6334
6005,5009,11024
6006,5532,11547
6007,4240,10255
6008,5797,11812
6009,3526,9541
6010,3304,9319
6011,693,6708
6012,2799,8814
6013,4513,10528
6014,5464,11479
